CHILD GENDER,CHILD DOB,CHILD ORDER,BIRTH CITY,BIRTH STATE,BIRTH DISTRICT,HEALTH CENTER,OFFICE LOCATION,PLURALITY OF PREGNANCY,BODY WEIGHT MEASURED,ATTENDANT TITLE,PRESENT AT REG,MOTHER DOB,MOTHER MARITAL STATUS,MOTHER OCCUPATION,MOTHER EDUCATION,MOTHER CITY,MOTHER DISTRICT,MOTHER STATE,FATHER DOB,FATHER MARITAL STATUS,FATHER OCCUPATION,FATHER EDUCATION,FATHER CITY,FATHER DISTRICT,FATHER STATE,INFORMANT DOB,INFORMANT MARITAL STATUS,INFORMANT OCCUPATION,INFORMANT EDUCATION,INFORMANT CITY,INFORMANT DISTRICT,INFORMANT STATE,INFORMANT RELATIONSHIP
CHILD GENDER,CHILD DOB,CHILD ORDER,BIRTH CITY,BIRTH STATE,BIRTH DISTRICT,HEALTH CENTER,OFFICE LOCATION,PLURALITY OF PREGNANCY,BODY WEIGHT MEASURED,ATTENDANT TITLE,PRESENT AT REG,MOTHER DOB,MOTHER MARITAL STATUS,MOTHER OCCUPATION,MOTHER EDUCATION,MOTHER CITY,MOTHER DISTRICT,MOTHER STATE,FATHER DOB,FATHER MARITAL STATUS,FATHER OCCUPATION,FATHER EDUCATION,FATHER CITY,FATHER DISTRICT,FATHER STATE,INFORMANT DOB,INFORMANT MARITAL STATUS,INFORMANT OCCUPATION,INFORMANT EDUCATION,INFORMANT CITY,INFORMANT DISTRICT,INFORMANT STATE,INFORMANT RELATIONSHIP
CHILD GENDER,CHILD DOB,CHILD ORDER,BIRTH CITY,BIRTH STATE,BIRTH DISTRICT,HEALTH CENTER,OFFICE LOCATION,PLURALITY OF PREGNANCY,BODY WEIGHT MEASURED,ATTENDANT TITLE,PRESENT AT REG,MOTHER DOB,MOTHER MARITAL STATUS,MOTHER OCCUPATION,MOTHER EDUCATION,MOTHER CITY,MOTHER DISTRICT,MOTHER STATE,FATHER DOB,FATHER MARITAL STATUS,FATHER OCCUPATION,FATHER EDUCATION,FATHER CITY,FATHER DISTRICT,FATHER STATE,INFORMANT DOB,INFORMANT MARITAL STATUS,INFORMANT OCCUPATION,INFORMANT EDUCATION,INFORMANT CITY,INFORMANT DISTRICT,INFORMANT STATE,INFORMANT RELATIONSHIP
CHILD GENDER,CHILD DOB,CHILD ORDER,BIRTH CITY,BIRTH STATE,BIRTH DISTRICT,HEALTH CENTER,OFFICE LOCATION,PLURALITY OF PREGNANCY,BODY WEIGHT MEASURED,ATTENDANT TITLE,PRESENT AT REG,MOTHER DOB,MOTHER MARITAL STATUS,MOTHER OCCUPATION,MOTHER EDUCATION,MOTHER CITY,MOTHER DISTRICT,MOTHER STATE,FATHER DOB,FATHER MARITAL STATUS,FATHER OCCUPATION,FATHER EDUCATION,FATHER CITY,FATHER DISTRICT,FATHER STATE,INFORMANT DOB,INFORMANT MARITAL STATUS,INFORMANT OCCUPATION,INFORMANT EDUCATION,INFORMANT CITY,INFORMANT DISTRICT,INFORMANT STATE,INFORMANT RELATIONSHIP
male,2022-08-28,5,,,,Kapopo Health Post,Ibombo District Office,SINGLE,1.5 kg,PHYSICIAN,,2002-08-28,MARRIED,Bookkeeper,PRIMARY_ISCED_1,New Ilahaven,Ibombo,Central,,,,,,,,2002-08-28,MARRIED,Bookkeeper,PRIMARY_ISCED_1,New Ilahaven,Ibombo,Central,MOTHER
male,2022-09-16,2,,,,Kaparu Rural Health Centre,Ibombo District Office,SINGLE,1.9 kg,PHYSICIAN,,2002-09-16,MARRIED,Bookkeeper,PRIMARY_ISCED_1,Gerlachfurt,Ibombo,Central,,,,,,,,2002-09-16,MARRIED,Bookkeeper,PRIMARY_ISCED_1,Gerlachfurt,Ibombo,Central,MOTHER
female,2006-09-19,2,,,,Musopelo Health Post,Ibombo District Office,SINGLE,4.4 kg,PHYSICIAN,MOTHER,1986-09-19,MARRIED,Farmer,POST_SECONDARY_ISCED_4,Lake Jason,Ibombo,Central,1986-09-19,MARRIED,Bookkeeper,POST_SECONDARY_ISCED_4,Schambergerview,Ibombo,Central,1986-09-19,MARRIED,Farmer,POST_SECONDARY_ISCED_4,Lake Jason,Ibombo,Central,MOTHER
female,2022-08-24,2,,,,Shimukuni Rural Health Centre,Ibombo District Office,SINGLE,4.4 kg,PHYSICIAN,MOTHER,2002-08-24,MARRIED,Farmer,POST_SECONDARY_ISCED_4,Leuschkefurt,Ibombo,Central,2002-08-24,MARRIED,Bookkeeper,POST_SECONDARY_ISCED_4,Danafort,Ibombo,Central,2002-08-24,MARRIED,Farmer,POST_SECONDARY_ISCED_4,Leuschkefurt,Ibombo,Central,MOTHER
female,2022-09-04,2,,,,Chitanda Rural Health Centre,Ibombo District Office,SINGLE,2.8 kg,PHYSICIAN,MOTHER,2002-09-04,MARRIED,Farmer,POST_SECONDARY_ISCED_4,Lenexa,Ibombo,Central,2002-09-04,MARRIED,Bookkeeper,POST_SECONDARY_ISCED_4,East Lizethton,Ibombo,Central,2002-09-04,MARRIED,Farmer,POST_SECONDARY_ISCED_4,Lenexa,Ibombo,Central,MOTHER
female,2022-09-01,2,,,,Mungule Rural Health Centre,Ibombo District Office,SINGLE,3.9 kg,PHYSICIAN,MOTHER,2002-09-01,MARRIED,Farmer,POST_SECONDARY_ISCED_4,Adamsside,Ibombo,Central,2002-09-01,MARRIED,Bookkeeper,POST_SECONDARY_ISCED_4,Floshire,Ibombo,Central,2002-09-01,MARRIED,Farmer,POST_SECONDARY_ISCED_4,Adamsside,Ibombo,Central,MOTHER
female,2022-08-30,2,,,,Makoka Rural Health Centre,Ibombo District Office,SINGLE,2.6 kg,PHYSICIAN,MOTHER,2002-08-30,MARRIED,Farmer,POST_SECONDARY_ISCED_4,Lake Gino,Ibombo,Central,2002-08-30,MARRIED,Bookkeeper,POST_SECONDARY_ISCED_4,North Darien,Ibombo,Central,2002-08-30,MARRIED,Farmer,POST_SECONDARY_ISCED_4,Lake Gino,Ibombo,Central,MOTHER
female,2022-08-24,2,,,,Ntapwila Health Post,Ibombo District Office,SINGLE,3 kg,PHYSICIAN,MOTHER,2002-08-24,MARRIED,Farmer,POST_SECONDARY_ISCED_4,Kuphalfurt,Ibombo,Central,2002-08-24,MARRIED,Bookkeeper,POST_SECONDARY_ISCED_4,Roxannemouth,Ibombo,Central,2002-08-24,MARRIED,Farmer,POST_SECONDARY_ISCED_4,Kuphalfurt,Ibombo,Central,MOTHER
male,2022-08-29,2,,,,Mboshya Rural Health Centre,Ibombo District Office,SINGLE,2.6 kg,PHYSICIAN,MOTHER,2002-08-29,MARRIED,Farmer,POST_SECONDARY_ISCED_4,Hilo,Ibombo,Central,2002-08-29,MARRIED,Bookkeeper,POST_SECONDARY_ISCED_4,Waterloo,Ibombo,Central,2002-08-29,MARRIED,Farmer,POST_SECONDARY_ISCED_4,Hilo,Ibombo,Central,MOTHER
female,2022-09-11,2,,,,Malambanyama Rural Health Centre,Ibombo District Office,SINGLE,2.6 kg,PHYSICIAN,MOTHER,2002-09-11,MARRIED,Farmer,POST_SECONDARY_ISCED_4,Jaunitaberg,Ibombo,Central,2002-09-11,MARRIED,Bookkeeper,POST_SECONDARY_ISCED_4,Spring,Ibombo,Central,2002-09-11,MARRIED,Farmer,POST_SECONDARY_ISCED_4,Jaunitaberg,Ibombo,Central,MOTHER
female,2022-08-22,4,West Elouise,Central,Ibombo,,Ibombo District Office,SINGLE,2 kg,PHYSICIAN,,2002-08-22,MARRIED,Bookkeeper,PRIMARY_ISCED_1,Anchorage,Ibombo,Central,,,,,,,,2002-08-22,MARRIED,Bookkeeper,PRIMARY_ISCED_1,Anchorage,Ibombo,Central,MOTHER
female,2022-08-19,2,,,,Namununga Health Post,Ibombo District Office,SINGLE,3.8 kg,PHYSICIAN,MOTHER,2002-08-19,MARRIED,Farmer,POST_SECONDARY_ISCED_4,Jaskolskiburgh,Ibombo,Central,2002-08-19,MARRIED,Bookkeeper,POST_SECONDARY_ISCED_4,East Quinnside,Ibombo,Central,2002-08-19,MARRIED,Farmer,POST_SECONDARY_ISCED_4,Jaskolskiburgh,Ibombo,Central,MOTHER
male,2022-09-05,0,,,,Mukashichimbwe Health Post,Ibombo District Office,SINGLE,0.8 kg,PHYSICIAN,,2002-09-05,MARRIED,Bookkeeper,PRIMARY_ISCED_1,Woodland,Ibombo,Central,,,,,,,,2002-09-05,MARRIED,Bookkeeper,PRIMARY_ISCED_1,Woodland,Ibombo,Central,MOTHER
male,2022-06-16,2,,,,Mwachisompola Rural Health Centre,Ibombo District Office,SINGLE,4.5 kg,PHYSICIAN,MOTHER,2002-06-16,MARRIED,Farmer,POST_SECONDARY_ISCED_4,Gudrunmouth,Ibombo,Central,2002-06-16,MARRIED,Bookkeeper,POST_SECONDARY_ISCED_4,Port Cynthia,Ibombo,Central,2002-06-16,MARRIED,Farmer,POST_SECONDARY_ISCED_4,Gudrunmouth,Ibombo,Central,MOTHER
male,2022-08-24,2,,,,Namayani Health Post,Ibombo District Office,SINGLE,3 kg,PHYSICIAN,MOTHER,2002-08-24,MARRIED,Farmer,POST_SECONDARY_ISCED_4,Joannetown,Ibombo,Central,2002-08-24,MARRIED,Bookkeeper,POST_SECONDARY_ISCED_4,Gorczanyville,Ibombo,Central,2002-08-24,MARRIED,Farmer,POST_SECONDARY_ISCED_4,Joannetown,Ibombo,Central,MOTHER
male,2022-08-06,2,,,,Malundu Health Post,Ibombo District Office,SINGLE,4 kg,PHYSICIAN,MOTHER,2002-08-06,MARRIED,Farmer,POST_SECONDARY_ISCED_4,South Albinastad,Ibombo,Central,2002-08-06,MARRIED,Bookkeeper,POST_SECONDARY_ISCED_4,South Brenda,Ibombo,Central,2002-08-06,MARRIED,Farmer,POST_SECONDARY_ISCED_4,South Albinastad,Ibombo,Central,MOTHER
male,2022-08-22,2,,,,Chipeso Rural Health Centre,Ibombo District Office,SINGLE,3.9 kg,PHYSICIAN,MOTHER,2002-08-22,MARRIED,Farmer,POST_SECONDARY_ISCED_4,Port Joshbury,Ibombo,Central,2002-08-22,MARRIED,Bookkeeper,POST_SECONDARY_ISCED_4,Bayamon,Ibombo,Central,2002-08-22,MARRIED,Farmer,POST_SECONDARY_ISCED_4,Port Joshbury,Ibombo,Central,MOTHER
female,2022-08-16,2,,,,Keembe Rural Health Centre,Ibombo District Office,SINGLE,2.7 kg,PHYSICIAN,MOTHER,2002-08-16,MARRIED,Farmer,POST_SECONDARY_ISCED_4,North Emilianomouth,Ibombo,Central,2002-08-16,MARRIED,Bookkeeper,POST_SECONDARY_ISCED_4,Lake Myrtie,Ibombo,Central,2002-08-16,MARRIED,Farmer,POST_SECONDARY_ISCED_4,North Emilianomouth,Ibombo,Central,MOTHER
female,2022-08-30,2,,,,Mwanjuni Health Post,Ibombo District Office,SINGLE,3.9 kg,PHYSICIAN,MOTHER,2002-08-30,MARRIED,Farmer,POST_SECONDARY_ISCED_4,Schadenport,Ibombo,Central,2002-08-30,MARRIED,Bookkeeper,POST_SECONDARY_ISCED_4,Nitzschemouth,Ibombo,Central,2002-08-30,MARRIED,Farmer,POST_SECONDARY_ISCED_4,Schadenport,Ibombo,Central,MOTHER
male,2022-08-02,2,,,,Mulonda Health Post,Ibombo District Office,SINGLE,2.9 kg,PHYSICIAN,MOTHER,2002-08-02,MARRIED,Farmer,POST_SECONDARY_ISCED_4,Port Rachelleberg,Ibombo,Central,2002-08-02,MARRIED,Bookkeeper,POST_SECONDARY_ISCED_4,South Garry,Ibombo,Central,2002-08-02,MARRIED,Farmer,POST_SECONDARY_ISCED_4,Port Rachelleberg,Ibombo,Central,MOTHER
male,2021-06-16,1,,,,Kaparu Rural Health Centre,Ibombo District Office,SINGLE,0.6 kg,PHYSICIAN,,2001-06-16,MARRIED,Bookkeeper,PRIMARY_ISCED_1,Santa Clarita,Ibombo,Central,,,,,,,,2001-06-16,MARRIED,Bookkeeper,PRIMARY_ISCED_1,Santa Clarita,Ibombo,Central,MOTHER
female,2022-07-29,1,,,,Chitanda Rural Health Centre,Ibombo District Office,SINGLE,1 kg,PHYSICIAN,,2002-07-29,MARRIED,Bookkeeper,PRIMARY_ISCED_1,Marianneton,Ibombo,Central,,,,,,,,2002-07-29,MARRIED,Bookkeeper,PRIMARY_ISCED_1,Marianneton,Ibombo,Central,MOTHER
male,2022-07-30,4,,,,Muntemba Rural Health Centre,Ibombo District Office,SINGLE,0.9 kg,PHYSICIAN,,2002-07-30,MARRIED,Bookkeeper,PRIMARY_ISCED_1,Cruickshankport,Ibombo,Central,,,,,,,,2002-07-30,MARRIED,Bookkeeper,PRIMARY_ISCED_1,Cruickshankport,Ibombo,Central,MOTHER
female,2019-05-13,2,,,,Chitanda Rural Health Centre,Ibombo District Office,SINGLE,3.1 kg,PHYSICIAN,MOTHER,1999-05-13,MARRIED,Farmer,POST_SECONDARY_ISCED_4,Rancho Cucamonga,Ibombo,Central,1999-05-13,MARRIED,Bookkeeper,POST_SECONDARY_ISCED_4,Jeromeside,Ibombo,Central,1999-05-13,MARRIED,Farmer,POST_SECONDARY_ISCED_4,Rancho Cucamonga,Ibombo,Central,MOTHER
male,2022-08-03,2,,,,Mulonda Health Post,Ibombo District Office,SINGLE,3.6 kg,PHYSICIAN,MOTHER,2002-08-03,MARRIED,Farmer,POST_SECONDARY_ISCED_4,South Rooseveltland,Ibombo,Central,2002-08-03,MARRIED,Bookkeeper,POST_SECONDARY_ISCED_4,Hackettmouth,Ibombo,Central,2002-08-03,MARRIED,Farmer,POST_SECONDARY_ISCED_4,South Rooseveltland,Ibombo,Central,MOTHER
female,2022-08-12,2,,,,Kapopo Health Post,Ibombo District Office,SINGLE,4.4 kg,PHYSICIAN,MOTHER,2002-08-12,MARRIED,Farmer,POST_SECONDARY_ISCED_4,Port Romaineton,Ibombo,Central,2002-08-12,MARRIED,Bookkeeper,POST_SECONDARY_ISCED_4,Harberland,Ibombo,Central,2002-08-12,MARRIED,Farmer,POST_SECONDARY_ISCED_4,Port Romaineton,Ibombo,Central,MOTHER
male,2022-08-08,2,,,,Chikobo Rural Health Centre,Ibombo District Office,SINGLE,2.8 kg,PHYSICIAN,MOTHER,2002-08-08,MARRIED,Farmer,POST_SECONDARY_ISCED_4,Lake Jimmie,Ibombo,Central,2002-08-08,MARRIED,Bookkeeper,POST_SECONDARY_ISCED_4,Jovanitown,Ibombo,Central,2002-08-08,MARRIED,Farmer,POST_SECONDARY_ISCED_4,Lake Jimmie,Ibombo,Central,MOTHER
male,2022-07-24,2,,,,Chipeso Rural Health Centre,Ibombo District Office,SINGLE,4.5 kg,PHYSICIAN,MOTHER,2002-07-24,MARRIED,Farmer,POST_SECONDARY_ISCED_4,Trompmouth,Ibombo,Central,2002-07-24,MARRIED,Bookkeeper,POST_SECONDARY_ISCED_4,West Gunner,Ibombo,Central,2002-07-24,MARRIED,Farmer,POST_SECONDARY_ISCED_4,Trompmouth,Ibombo,Central,MOTHER
female,2022-08-19,2,,,,Chipeso Rural Health Centre,Ibombo District Office,SINGLE,4.2 kg,PHYSICIAN,MOTHER,2002-08-19,MARRIED,Farmer,POST_SECONDARY_ISCED_4,North Vitashire,Ibombo,Central,2002-08-19,MARRIED,Bookkeeper,POST_SECONDARY_ISCED_4,Gottliebton,Ibombo,Central,2002-08-19,MARRIED,Farmer,POST_SECONDARY_ISCED_4,North Vitashire,Ibombo,Central,MOTHER
female,2022-07-29,3,,,,Mukashichimbwe Health Post,Ibombo District Office,SINGLE,1.1 kg,PHYSICIAN,,2002-07-29,MARRIED,Bookkeeper,PRIMARY_ISCED_1,Lake Bulahfort,Ibombo,Central,,,,,,,,2002-07-29,MARRIED,Bookkeeper,PRIMARY_ISCED_1,Lake Bulahfort,Ibombo,Central,MOTHER
male,2022-07-31,2,,,,Twalumba Rural Health Centre,Ibombo District Office,SINGLE,2.6 kg,PHYSICIAN,MOTHER,2002-07-31,MARRIED,Farmer,POST_SECONDARY_ISCED_4,South Mandy,Ibombo,Central,2002-07-31,MARRIED,Bookkeeper,POST_SECONDARY_ISCED_4,Port Eleazarton,Ibombo,Central,2002-07-31,MARRIED,Farmer,POST_SECONDARY_ISCED_4,South Mandy,Ibombo,Central,MOTHER
male,2022-07-20,0,Swaniawskiview,Central,Ibombo,,Ibombo District Office,SINGLE,1.6 kg,PHYSICIAN,,2002-07-20,MARRIED,Bookkeeper,PRIMARY_ISCED_1,Wisokyside,Ibombo,Central,,,,,,,,2002-07-20,MARRIED,Bookkeeper,PRIMARY_ISCED_1,Wisokyside,Ibombo,Central,MOTHER
male,2022-08-07,2,,,,Mungule Rural Health Centre,Ibombo District Office,SINGLE,4 kg,PHYSICIAN,MOTHER,2002-08-07,MARRIED,Farmer,POST_SECONDARY_ISCED_4,East Cullen,Ibombo,Central,2002-08-07,MARRIED,Bookkeeper,POST_SECONDARY_ISCED_4,South Cyrusview,Ibombo,Central,2002-08-07,MARRIED,Farmer,POST_SECONDARY_ISCED_4,East Cullen,Ibombo,Central,MOTHER
male,2022-06-01,1,New Chasity,Central,Ibombo,,Ibombo District Office,SINGLE,1.2 kg,PHYSICIAN,,2002-06-01,MARRIED,Bookkeeper,PRIMARY_ISCED_1,Adahburgh,Ibombo,Central,,,,,,,,2002-06-01,MARRIED,Bookkeeper,PRIMARY_ISCED_1,Adahburgh,Ibombo,Central,MOTHER
female,2022-07-22,2,,,,Chilochabalenje Health Post,Ibombo District Office,SINGLE,4.3 kg,PHYSICIAN,MOTHER,2002-07-22,MARRIED,Farmer,POST_SECONDARY_ISCED_4,Loveland,Ibombo,Central,2002-07-22,MARRIED,Bookkeeper,POST_SECONDARY_ISCED_4,Harrisonbury,Ibombo,Central,2002-07-22,MARRIED,Farmer,POST_SECONDARY_ISCED_4,Loveland,Ibombo,Central,MOTHER
male,2018-06-11,2,,,,Chilochabalenje Health Post,Ibombo District Office,SINGLE,3.5 kg,PHYSICIAN,MOTHER,1998-06-11,MARRIED,Farmer,POST_SECONDARY_ISCED_4,Efrenshire,Ibombo,Central,1998-06-11,MARRIED,Bookkeeper,POST_SECONDARY_ISCED_4,Bothell,Ibombo,Central,1998-06-11,MARRIED,Farmer,POST_SECONDARY_ISCED_4,Efrenshire,Ibombo,Central,MOTHER
male,2022-07-11,2,Martinhaven,Central,Ibombo,,Ibombo District Office,SINGLE,1.6 kg,PHYSICIAN,,2002-07-11,MARRIED,Bookkeeper,PRIMARY_ISCED_1,Pasadena,Ibombo,Central,,,,,,,,2002-07-11,MARRIED,Bookkeeper,PRIMARY_ISCED_1,Pasadena,Ibombo,Central,MOTHER
male,2021-08-14,2,,,,Chisamba Rural Health Centre,Ibombo District Office,SINGLE,4.3 kg,PHYSICIAN,MOTHER,2001-08-14,MARRIED,Farmer,POST_SECONDARY_ISCED_4,Port Colton,Ibombo,Central,2001-08-14,MARRIED,Bookkeeper,POST_SECONDARY_ISCED_4,West Amelie,Ibombo,Central,2001-08-14,MARRIED,Farmer,POST_SECONDARY_ISCED_4,Port Colton,Ibombo,Central,MOTHER
male,2022-07-27,2,,,,Mwanjuni Health Post,Ibombo District Office,SINGLE,3.7 kg,PHYSICIAN,MOTHER,2002-07-27,MARRIED,Farmer,POST_SECONDARY_ISCED_4,Lake Nichole,Ibombo,Central,2002-07-27,MARRIED,Bookkeeper,POST_SECONDARY_ISCED_4,Edenburgh,Ibombo,Central,2002-07-27,MARRIED,Farmer,POST_SECONDARY_ISCED_4,Lake Nichole,Ibombo,Central,MOTHER
female,2022-07-11,4,,,,Kapopo Health Post,Ibombo District Office,SINGLE,1.3 kg,PHYSICIAN,,2002-07-11,MARRIED,Bookkeeper,PRIMARY_ISCED_1,Denesikchester,Ibombo,Central,,,,,,,,2002-07-11,MARRIED,Bookkeeper,PRIMARY_ISCED_1,Denesikchester,Ibombo,Central,MOTHER
female,2021-12-01,3,,,,Keembe Rural Health Centre,Ibombo District Office,SINGLE,1 kg,PHYSICIAN,,2001-12-01,MARRIED,Bookkeeper,PRIMARY_ISCED_1,Burien,Ibombo,Central,,,,,,,,2001-12-01,MARRIED,Bookkeeper,PRIMARY_ISCED_1,Burien,Ibombo,Central,MOTHER
male,2022-07-21,0,Kathrynemouth,Central,Ibombo,,Ibombo District Office,SINGLE,1.8 kg,PHYSICIAN,,2002-07-21,MARRIED,Bookkeeper,PRIMARY_ISCED_1,Corrineborough,Ibombo,Central,,,,,,,,2002-07-21,MARRIED,Bookkeeper,PRIMARY_ISCED_1,Corrineborough,Ibombo,Central,MOTHER
male,2022-07-19,2,,,,Mwachisompola Rural Health Centre,Ibombo District Office,SINGLE,4.3 kg,PHYSICIAN,MOTHER,2002-07-19,MARRIED,Farmer,POST_SECONDARY_ISCED_4,New Arnoldo,Ibombo,Central,2002-07-19,MARRIED,Bookkeeper,POST_SECONDARY_ISCED_4,East Sophiafurt,Ibombo,Central,2002-07-19,MARRIED,Farmer,POST_SECONDARY_ISCED_4,New Arnoldo,Ibombo,Central,MOTHER
female,2022-07-06,2,,,,Mulonda Health Post,Ibombo District Office,SINGLE,4.1 kg,PHYSICIAN,MOTHER,2002-07-06,MARRIED,Farmer,POST_SECONDARY_ISCED_4,North Elissa,Ibombo,Central,2002-07-06,MARRIED,Bookkeeper,POST_SECONDARY_ISCED_4,Victorville,Ibombo,Central,2002-07-06,MARRIED,Farmer,POST_SECONDARY_ISCED_4,North Elissa,Ibombo,Central,MOTHER
female,2022-07-20,2,,,,Naluyanda Rural Health Centre,Ibombo District Office,SINGLE,3.7 kg,PHYSICIAN,MOTHER,2002-07-20,MARRIED,Farmer,POST_SECONDARY_ISCED_4,Dale City,Ibombo,Central,2002-07-20,MARRIED,Bookkeeper,POST_SECONDARY_ISCED_4,Oak Park,Ibombo,Central,2002-07-20,MARRIED,Farmer,POST_SECONDARY_ISCED_4,Dale City,Ibombo,Central,MOTHER
female,2022-07-05,2,,,,Kabangalala Rural Health Centre,Ibombo District Office,SINGLE,2.9 kg,PHYSICIAN,MOTHER,2002-07-05,MARRIED,Farmer,POST_SECONDARY_ISCED_4,Jacynthechester,Ibombo,Central,2002-07-05,MARRIED,Bookkeeper,POST_SECONDARY_ISCED_4,Margate,Ibombo,Central,2002-07-05,MARRIED,Farmer,POST_SECONDARY_ISCED_4,Jacynthechester,Ibombo,Central,MOTHER
male,2022-06-23,2,,,,Ipongo Rural Health Centre,Ibombo District Office,SINGLE,4.2 kg,PHYSICIAN,MOTHER,2002-06-23,MARRIED,Farmer,POST_SECONDARY_ISCED_4,Wendyside,Ibombo,Central,2002-06-23,MARRIED,Bookkeeper,POST_SECONDARY_ISCED_4,Lake Cedricktown,Ibombo,Central,2002-06-23,MARRIED,Farmer,POST_SECONDARY_ISCED_4,Wendyside,Ibombo,Central,MOTHER
female,2022-06-28,2,,,,Kapopo Health Post,Ibombo District Office,SINGLE,4.4 kg,PHYSICIAN,MOTHER,2002-06-28,MARRIED,Farmer,POST_SECONDARY_ISCED_4,South Candelario,Ibombo,Central,2002-06-28,MARRIED,Bookkeeper,POST_SECONDARY_ISCED_4,Lake Rylan,Ibombo,Central,2002-06-28,MARRIED,Farmer,POST_SECONDARY_ISCED_4,South Candelario,Ibombo,Central,MOTHER
female,2020-06-26,2,,,,Golden Valley Rural Health Centre,Ibombo District Office,SINGLE,3.4 kg,PHYSICIAN,MOTHER,2000-06-26,MARRIED,Farmer,POST_SECONDARY_ISCED_4,Bradtown,Ibombo,Central,2000-06-26,MARRIED,Bookkeeper,POST_SECONDARY_ISCED_4,South Amelie,Ibombo,Central,2000-06-26,MARRIED,Farmer,POST_SECONDARY_ISCED_4,Bradtown,Ibombo,Central,MOTHER
male,2022-07-03,1,,,,Mwelebi Keembe Health Post,Ibombo District Office,SINGLE,0.6 kg,PHYSICIAN,,2002-07-03,MARRIED,Bookkeeper,PRIMARY_ISCED_1,Sporerland,Ibombo,Central,,,,,,,,2002-07-03,MARRIED,Bookkeeper,PRIMARY_ISCED_1,Sporerland,Ibombo,Central,MOTHER
female,2022-07-14,3,Frederick,Central,Ibombo,,Ibombo District Office,SINGLE,0.9 kg,PHYSICIAN,,2002-07-14,MARRIED,Bookkeeper,PRIMARY_ISCED_1,Jakobbury,Ibombo,Central,,,,,,,,2002-07-14,MARRIED,Bookkeeper,PRIMARY_ISCED_1,Jakobbury,Ibombo,Central,MOTHER
male,2021-11-30,1,,,,Chikobo Rural Health Centre,Ibombo District Office,SINGLE,0.9 kg,PHYSICIAN,,2001-11-30,MARRIED,Bookkeeper,PRIMARY_ISCED_1,South Ward,Ibombo,Central,,,,,,,,2001-11-30,MARRIED,Bookkeeper,PRIMARY_ISCED_1,South Ward,Ibombo,Central,MOTHER
female,2022-06-19,2,,,,Kabangalala Rural Health Centre,Ibombo District Office,SINGLE,2.9 kg,PHYSICIAN,MOTHER,2002-06-19,MARRIED,Farmer,POST_SECONDARY_ISCED_4,Lake Mileshaven,Ibombo,Central,2002-06-19,MARRIED,Bookkeeper,POST_SECONDARY_ISCED_4,Keelyburgh,Ibombo,Central,2002-06-19,MARRIED,Farmer,POST_SECONDARY_ISCED_4,Lake Mileshaven,Ibombo,Central,MOTHER
female,2022-06-13,2,,,,Kabangalala Rural Health Centre,Ibombo District Office,SINGLE,2.9 kg,PHYSICIAN,MOTHER,2002-06-13,MARRIED,Farmer,POST_SECONDARY_ISCED_4,Madison,Ibombo,Central,2002-06-13,MARRIED,Bookkeeper,POST_SECONDARY_ISCED_4,Catalina Foothills,Ibombo,Central,2002-06-13,MARRIED,Farmer,POST_SECONDARY_ISCED_4,Madison,Ibombo,Central,MOTHER
female,2022-06-17,2,,,,Ntapwila Health Post,Ibombo District Office,SINGLE,3.5 kg,PHYSICIAN,MOTHER,2002-06-17,MARRIED,Farmer,POST_SECONDARY_ISCED_4,East Bobbytown,Ibombo,Central,2002-06-17,MARRIED,Bookkeeper,POST_SECONDARY_ISCED_4,Port Cade,Ibombo,Central,2002-06-17,MARRIED,Farmer,POST_SECONDARY_ISCED_4,East Bobbytown,Ibombo,Central,MOTHER
female,2022-05-30,5,Port Talonton,Central,Ibombo,,Ibombo District Office,SINGLE,1.3 kg,PHYSICIAN,,2002-05-30,MARRIED,Bookkeeper,PRIMARY_ISCED_1,San Buenaventura (Ventura),Ibombo,Central,,,,,,,,2002-05-30,MARRIED,Bookkeeper,PRIMARY_ISCED_1,San Buenaventura (Ventura),Ibombo,Central,MOTHER
female,2022-03-16,2,,,,Chilochabalenje Health Post,Ibombo District Office,SINGLE,2.9 kg,PHYSICIAN,MOTHER,2002-03-16,MARRIED,Farmer,POST_SECONDARY_ISCED_4,Billmouth,Ibombo,Central,2002-03-16,MARRIED,Bookkeeper,POST_SECONDARY_ISCED_4,New Michel,Ibombo,Central,2002-03-16,MARRIED,Farmer,POST_SECONDARY_ISCED_4,Billmouth,Ibombo,Central,MOTHER
female,2022-06-17,2,,,,Malambanyama Rural Health Centre,Ibombo District Office,SINGLE,0.8 kg,PHYSICIAN,,2002-06-17,MARRIED,Bookkeeper,PRIMARY_ISCED_1,Port Jackieside,Ibombo,Central,,,,,,,,2002-06-17,MARRIED,Bookkeeper,PRIMARY_ISCED_1,Port Jackieside,Ibombo,Central,MOTHER
male,2022-06-12,2,,,,Kapila Health Post,Ibombo District Office,SINGLE,4.3 kg,PHYSICIAN,MOTHER,2002-06-12,MARRIED,Farmer,POST_SECONDARY_ISCED_4,Arecibo,Ibombo,Central,2002-06-12,MARRIED,Bookkeeper,POST_SECONDARY_ISCED_4,New Vivien,Ibombo,Central,2002-06-12,MARRIED,Farmer,POST_SECONDARY_ISCED_4,Arecibo,Ibombo,Central,MOTHER
female,2022-06-18,2,,,,Mwelebi Keembe Health Post,Ibombo District Office,SINGLE,3.1 kg,PHYSICIAN,MOTHER,2002-06-18,MARRIED,Farmer,POST_SECONDARY_ISCED_4,Kingville,Ibombo,Central,2002-06-18,MARRIED,Bookkeeper,POST_SECONDARY_ISCED_4,Runolfssonport,Ibombo,Central,2002-06-18,MARRIED,Farmer,POST_SECONDARY_ISCED_4,Kingville,Ibombo,Central,MOTHER
female,2022-06-21,2,,,,Golden Valley Rural Health Centre,Ibombo District Office,SINGLE,4.1 kg,PHYSICIAN,MOTHER,2002-06-21,MARRIED,Farmer,POST_SECONDARY_ISCED_4,Judgeborough,Ibombo,Central,2002-06-21,MARRIED,Bookkeeper,POST_SECONDARY_ISCED_4,East Auroretown,Ibombo,Central,2002-06-21,MARRIED,Farmer,POST_SECONDARY_ISCED_4,Judgeborough,Ibombo,Central,MOTHER
male,2022-06-14,2,,,,Mboshya Rural Health Centre,Ibombo District Office,SINGLE,4 kg,PHYSICIAN,MOTHER,2002-06-14,MARRIED,Farmer,POST_SECONDARY_ISCED_4,West Larryside,Ibombo,Central,2002-06-14,MARRIED,Bookkeeper,POST_SECONDARY_ISCED_4,New Tedtown,Ibombo,Central,2002-06-14,MARRIED,Farmer,POST_SECONDARY_ISCED_4,West Larryside,Ibombo,Central,MOTHER
male,2022-06-17,1,,,,Ipongo Rural Health Centre,Ibombo District Office,SINGLE,1.1 kg,PHYSICIAN,,2002-06-17,MARRIED,Bookkeeper,PRIMARY_ISCED_1,Port Theodoraville,Ibombo,Central,,,,,,,,2002-06-17,MARRIED,Bookkeeper,PRIMARY_ISCED_1,Port Theodoraville,Ibombo,Central,MOTHER
male,2022-06-21,2,,,,Mungule Rural Health Centre,Ibombo District Office,SINGLE,3.2 kg,PHYSICIAN,MOTHER,2002-06-21,MARRIED,Farmer,POST_SECONDARY_ISCED_4,Erikmouth,Ibombo,Central,2002-06-21,MARRIED,Bookkeeper,POST_SECONDARY_ISCED_4,Seattle,Ibombo,Central,2002-06-21,MARRIED,Farmer,POST_SECONDARY_ISCED_4,Erikmouth,Ibombo,Central,MOTHER
female,2022-06-15,2,,,,Musopelo Health Post,Ibombo District Office,SINGLE,2.8 kg,PHYSICIAN,MOTHER,2002-06-15,MARRIED,Farmer,POST_SECONDARY_ISCED_4,North Alexanneport,Ibombo,Central,2002-06-15,MARRIED,Bookkeeper,POST_SECONDARY_ISCED_4,Reaganshire,Ibombo,Central,2002-06-15,MARRIED,Farmer,POST_SECONDARY_ISCED_4,North Alexanneport,Ibombo,Central,MOTHER
female,2011-10-22,4,,,,Kaparu Rural Health Centre,Ibombo District Office,SINGLE,1.1 kg,PHYSICIAN,,1991-10-22,MARRIED,Bookkeeper,PRIMARY_ISCED_1,Schadenfort,Ibombo,Central,,,,,,,,1991-10-22,MARRIED,Bookkeeper,PRIMARY_ISCED_1,Schadenfort,Ibombo,Central,MOTHER
male,2022-06-16,3,,,,Kaparu Rural Health Centre,Ibombo District Office,SINGLE,1.6 kg,PHYSICIAN,,2002-06-16,MARRIED,Bookkeeper,PRIMARY_ISCED_1,Loveland,Ibombo,Central,,,,,,,,2002-06-16,MARRIED,Bookkeeper,PRIMARY_ISCED_1,Loveland,Ibombo,Central,MOTHER
male,2022-05-26,2,,,,Kapopo Health Post,Ibombo District Office,SINGLE,4.1 kg,PHYSICIAN,MOTHER,2002-05-26,MARRIED,Farmer,POST_SECONDARY_ISCED_4,Conway,Ibombo,Central,2002-05-26,MARRIED,Bookkeeper,POST_SECONDARY_ISCED_4,Sipeston,Ibombo,Central,2002-05-26,MARRIED,Farmer,POST_SECONDARY_ISCED_4,Conway,Ibombo,Central,MOTHER
male,2022-06-02,2,Wilhelminemouth,Central,Ibombo,,Ibombo District Office,SINGLE,1.3 kg,PHYSICIAN,,2002-06-02,MARRIED,Bookkeeper,PRIMARY_ISCED_1,South Andresfort,Ibombo,Central,,,,,,,,2002-06-02,MARRIED,Bookkeeper,PRIMARY_ISCED_1,South Andresfort,Ibombo,Central,MOTHER
male,2022-06-04,2,,,,Twalumba Rural Health Centre,Ibombo District Office,SINGLE,3.3 kg,PHYSICIAN,MOTHER,2002-06-04,MARRIED,Farmer,POST_SECONDARY_ISCED_4,Lake Oral,Ibombo,Central,2002-06-04,MARRIED,Bookkeeper,POST_SECONDARY_ISCED_4,Marietta,Ibombo,Central,2002-06-04,MARRIED,Farmer,POST_SECONDARY_ISCED_4,Lake Oral,Ibombo,Central,MOTHER
male,2021-07-20,2,,,,Musopelo Health Post,Ibombo District Office,SINGLE,3.8 kg,PHYSICIAN,MOTHER,2001-07-20,MARRIED,Farmer,POST_SECONDARY_ISCED_4,Jeffereymouth,Ibombo,Central,2001-07-20,MARRIED,Bookkeeper,POST_SECONDARY_ISCED_4,Leesburg,Ibombo,Central,2001-07-20,MARRIED,Farmer,POST_SECONDARY_ISCED_4,Jeffereymouth,Ibombo,Central,MOTHER
female,2022-06-13,2,,,,Malundu Health Post,Ibombo District Office,SINGLE,3.5 kg,PHYSICIAN,MOTHER,2002-06-13,MARRIED,Farmer,POST_SECONDARY_ISCED_4,West Beth,Ibombo,Central,2002-06-13,MARRIED,Bookkeeper,POST_SECONDARY_ISCED_4,Turcotteland,Ibombo,Central,2002-06-13,MARRIED,Farmer,POST_SECONDARY_ISCED_4,West Beth,Ibombo,Central,MOTHER
female,2022-05-22,4,,,,Namayani Health Post,Ibombo District Office,SINGLE,0.9 kg,PHYSICIAN,,2002-05-22,MARRIED,Bookkeeper,PRIMARY_ISCED_1,West Elise,Ibombo,Central,,,,,,,,2002-05-22,MARRIED,Bookkeeper,PRIMARY_ISCED_1,West Elise,Ibombo,Central,MOTHER
female,2022-06-04,5,,,,Kapila Health Post,Ibombo District Office,SINGLE,1.1 kg,PHYSICIAN,,2002-06-04,MARRIED,Bookkeeper,PRIMARY_ISCED_1,Garricktown,Ibombo,Central,,,,,,,,2002-06-04,MARRIED,Bookkeeper,PRIMARY_ISCED_1,Garricktown,Ibombo,Central,MOTHER
female,2022-05-23,3,,,,Keembe Rural Health Centre,Ibombo District Office,SINGLE,2.2 kg,PHYSICIAN,,2002-05-23,MARRIED,Bookkeeper,PRIMARY_ISCED_1,Nicolaschester,Ibombo,Central,,,,,,,,2002-05-23,MARRIED,Bookkeeper,PRIMARY_ISCED_1,Nicolaschester,Ibombo,Central,MOTHER
female,2022-05-27,4,,,,Kabangalala Rural Health Centre,Ibombo District Office,SINGLE,0.5 kg,PHYSICIAN,,2002-05-27,MARRIED,Bookkeeper,PRIMARY_ISCED_1,Downers Grove,Ibombo,Central,,,,,,,,2002-05-27,MARRIED,Bookkeeper,PRIMARY_ISCED_1,Downers Grove,Ibombo,Central,MOTHER
female,2022-06-09,2,,,,Malundu Health Post,Ibombo District Office,SINGLE,3.7 kg,PHYSICIAN,MOTHER,2002-06-09,MARRIED,Farmer,POST_SECONDARY_ISCED_4,Midland,Ibombo,Central,2002-06-09,MARRIED,Bookkeeper,POST_SECONDARY_ISCED_4,East Addieview,Ibombo,Central,2002-06-09,MARRIED,Farmer,POST_SECONDARY_ISCED_4,Midland,Ibombo,Central,MOTHER
male,2022-06-05,2,,,,Ntapwila Health Post,Ibombo District Office,SINGLE,3.5 kg,PHYSICIAN,MOTHER,2002-06-05,MARRIED,Farmer,POST_SECONDARY_ISCED_4,Bufordfurt,Ibombo,Central,2002-06-05,MARRIED,Bookkeeper,POST_SECONDARY_ISCED_4,East Penelopebury,Ibombo,Central,2002-06-05,MARRIED,Farmer,POST_SECONDARY_ISCED_4,Bufordfurt,Ibombo,Central,MOTHER
male,2022-05-18,2,,,,Ipongo Rural Health Centre,Ibombo District Office,SINGLE,3.7 kg,PHYSICIAN,MOTHER,2002-05-18,MARRIED,Farmer,POST_SECONDARY_ISCED_4,O'Konmouth,Ibombo,Central,2002-05-18,MARRIED,Bookkeeper,POST_SECONDARY_ISCED_4,Hoppeville,Ibombo,Central,2002-05-18,MARRIED,Farmer,POST_SECONDARY_ISCED_4,O'Konmouth,Ibombo,Central,MOTHER
male,2022-05-31,2,,,,Chikobo Rural Health Centre,Ibombo District Office,SINGLE,3 kg,PHYSICIAN,MOTHER,2002-05-31,MARRIED,Farmer,POST_SECONDARY_ISCED_4,West Lura,Ibombo,Central,2002-05-31,MARRIED,Bookkeeper,POST_SECONDARY_ISCED_4,Keller,Ibombo,Central,2002-05-31,MARRIED,Farmer,POST_SECONDARY_ISCED_4,West Lura,Ibombo,Central,MOTHER
male,2022-05-23,2,,,,SR Brian Memorial Rural Health Centre,Ibombo District Office,SINGLE,3.5 kg,PHYSICIAN,MOTHER,2002-05-23,MARRIED,Farmer,POST_SECONDARY_ISCED_4,Janisstad,Ibombo,Central,2002-05-23,MARRIED,Bookkeeper,POST_SECONDARY_ISCED_4,Port Katrinamouth,Ibombo,Central,2002-05-23,MARRIED,Farmer,POST_SECONDARY_ISCED_4,Janisstad,Ibombo,Central,MOTHER
male,2022-05-09,2,,,,Ntapwila Health Post,Ibombo District Office,SINGLE,2.7 kg,PHYSICIAN,MOTHER,2002-05-09,MARRIED,Farmer,POST_SECONDARY_ISCED_4,San Luis Obispo,Ibombo,Central,2002-05-09,MARRIED,Bookkeeper,POST_SECONDARY_ISCED_4,Keelingbury,Ibombo,Central,2002-05-09,MARRIED,Farmer,POST_SECONDARY_ISCED_4,San Luis Obispo,Ibombo,Central,MOTHER
male,2022-05-07,1,,,,Mwachisompola Rural Health Centre,Ibombo District Office,SINGLE,0.3 kg,PHYSICIAN,,2002-05-07,MARRIED,Bookkeeper,PRIMARY_ISCED_1,North Adalinestad,Ibombo,Central,,,,,,,,2002-05-07,MARRIED,Bookkeeper,PRIMARY_ISCED_1,North Adalinestad,Ibombo,Central,MOTHER
male,2022-05-25,2,,,,Naluyanda Rural Health Centre,Ibombo District Office,SINGLE,4.4 kg,PHYSICIAN,MOTHER,2002-05-25,MARRIED,Farmer,POST_SECONDARY_ISCED_4,Kassulkechester,Ibombo,Central,2002-05-25,MARRIED,Bookkeeper,POST_SECONDARY_ISCED_4,Port Chaz,Ibombo,Central,2002-05-25,MARRIED,Farmer,POST_SECONDARY_ISCED_4,Kassulkechester,Ibombo,Central,MOTHER
female,2022-05-09,0,,,,Chitanda Rural Health Centre,Ibombo District Office,SINGLE,1.2 kg,PHYSICIAN,,2002-05-09,MARRIED,Bookkeeper,PRIMARY_ISCED_1,San Rafael,Ibombo,Central,,,,,,,,2002-05-09,MARRIED,Bookkeeper,PRIMARY_ISCED_1,San Rafael,Ibombo,Central,MOTHER
male,2021-11-29,2,,,,Keembe Rural Health Centre,Ibombo District Office,SINGLE,4 kg,PHYSICIAN,MOTHER,2001-11-29,MARRIED,Farmer,POST_SECONDARY_ISCED_4,Las Vegas,Ibombo,Central,2001-11-29,MARRIED,Bookkeeper,POST_SECONDARY_ISCED_4,Gwendolynchester,Ibombo,Central,2001-11-29,MARRIED,Farmer,POST_SECONDARY_ISCED_4,Las Vegas,Ibombo,Central,MOTHER
male,2022-05-02,2,,,,Musopelo Health Post,Ibombo District Office,SINGLE,3.5 kg,PHYSICIAN,MOTHER,2002-05-02,MARRIED,Farmer,POST_SECONDARY_ISCED_4,Hilpertmouth,Ibombo,Central,2002-05-02,MARRIED,Bookkeeper,POST_SECONDARY_ISCED_4,Gibsontown,Ibombo,Central,2002-05-02,MARRIED,Farmer,POST_SECONDARY_ISCED_4,Hilpertmouth,Ibombo,Central,MOTHER
female,2022-05-14,2,,,,Ipongo Rural Health Centre,Ibombo District Office,SINGLE,1.1 kg,PHYSICIAN,,2002-05-14,MARRIED,Bookkeeper,PRIMARY_ISCED_1,Donnellyton,Ibombo,Central,,,,,,,,2002-05-14,MARRIED,Bookkeeper,PRIMARY_ISCED_1,Donnellyton,Ibombo,Central,MOTHER
male,2021-08-23,2,,,,Kaparu Rural Health Centre,Ibombo District Office,SINGLE,3.6 kg,PHYSICIAN,MOTHER,2001-08-23,MARRIED,Farmer,POST_SECONDARY_ISCED_4,State College,Ibombo,Central,2001-08-23,MARRIED,Bookkeeper,POST_SECONDARY_ISCED_4,Pourosshire,Ibombo,Central,2001-08-23,MARRIED,Farmer,POST_SECONDARY_ISCED_4,State College,Ibombo,Central,MOTHER
male,2022-04-29,1,East Alanna,Central,Ibombo,,Ibombo District Office,SINGLE,1.2 kg,PHYSICIAN,,2002-04-29,MARRIED,Bookkeeper,PRIMARY_ISCED_1,Ernserstad,Ibombo,Central,,,,,,,,2002-04-29,MARRIED,Bookkeeper,PRIMARY_ISCED_1,Ernserstad,Ibombo,Central,MOTHER
female,2022-05-01,2,,,,Mukashichimbwe Health Post,Ibombo District Office,SINGLE,1.8 kg,PHYSICIAN,,2002-05-01,MARRIED,Bookkeeper,PRIMARY_ISCED_1,Port Reid,Ibombo,Central,,,,,,,,2002-05-01,MARRIED,Bookkeeper,PRIMARY_ISCED_1,Port Reid,Ibombo,Central,MOTHER
male,2021-08-16,2,,,,Muntemba Rural Health Centre,Ibombo District Office,SINGLE,4.5 kg,PHYSICIAN,MOTHER,2001-08-16,MARRIED,Farmer,POST_SECONDARY_ISCED_4,South Linwoodville,Ibombo,Central,2001-08-16,MARRIED,Bookkeeper,POST_SECONDARY_ISCED_4,Port Joesphshire,Ibombo,Central,2001-08-16,MARRIED,Farmer,POST_SECONDARY_ISCED_4,South Linwoodville,Ibombo,Central,MOTHER
male,2022-05-17,4,,,,Chamakubi Health Post,Ibombo District Office,SINGLE,1.5 kg,PHYSICIAN,,2002-05-17,MARRIED,Bookkeeper,PRIMARY_ISCED_1,Hialeah,Ibombo,Central,,,,,,,,2002-05-17,MARRIED,Bookkeeper,PRIMARY_ISCED_1,Hialeah,Ibombo,Central,MOTHER
male,2022-04-26,2,,,,Chipeso Rural Health Centre,Ibombo District Office,SINGLE,3.7 kg,PHYSICIAN,MOTHER,2002-04-26,MARRIED,Farmer,POST_SECONDARY_ISCED_4,Port Kennedy,Ibombo,Central,2002-04-26,MARRIED,Bookkeeper,POST_SECONDARY_ISCED_4,South Yasmine,Ibombo,Central,2002-04-26,MARRIED,Farmer,POST_SECONDARY_ISCED_4,Port Kennedy,Ibombo,Central,MOTHER
male,2022-05-20,1,,,,Ipongo Rural Health Centre,Ibombo District Office,SINGLE,0.8 kg,PHYSICIAN,,2002-05-20,MARRIED,Bookkeeper,PRIMARY_ISCED_1,Agneston,Ibombo,Central,,,,,,,,2002-05-20,MARRIED,Bookkeeper,PRIMARY_ISCED_1,Agneston,Ibombo,Central,MOTHER
male,2021-11-23,2,,,,Chilochabalenje Health Post,Ibombo District Office,SINGLE,3.2 kg,PHYSICIAN,MOTHER,2001-11-23,MARRIED,Farmer,POST_SECONDARY_ISCED_4,East Meda,Ibombo,Central,2001-11-23,MARRIED,Bookkeeper,POST_SECONDARY_ISCED_4,Smyrna,Ibombo,Central,2001-11-23,MARRIED,Farmer,POST_SECONDARY_ISCED_4,East Meda,Ibombo,Central,MOTHER
female,2022-04-30,3,,,,Kamaila Health Post,Ibombo District Office,SINGLE,0.9 kg,PHYSICIAN,,2002-04-30,MARRIED,Bookkeeper,PRIMARY_ISCED_1,Olsonhaven,Ibombo,Central,,,,,,,,2002-04-30,MARRIED,Bookkeeper,PRIMARY_ISCED_1,Olsonhaven,Ibombo,Central,MOTHER
male,2021-05-25,2,,,,Musopelo Health Post,Ibombo District Office,SINGLE,3.4 kg,PHYSICIAN,MOTHER,2001-05-25,MARRIED,Farmer,POST_SECONDARY_ISCED_4,Kundeville,Ibombo,Central,2001-05-25,MARRIED,Bookkeeper,POST_SECONDARY_ISCED_4,North Macyborough,Ibombo,Central,2001-05-25,MARRIED,Farmer,POST_SECONDARY_ISCED_4,Kundeville,Ibombo,Central,MOTHER
male,2022-05-01,2,,,,Naluyanda Rural Health Centre,Ibombo District Office,SINGLE,0.7 kg,PHYSICIAN,,2002-05-01,MARRIED,Bookkeeper,PRIMARY_ISCED_1,Kettering,Ibombo,Central,,,,,,,,2002-05-01,MARRIED,Bookkeeper,PRIMARY_ISCED_1,Kettering,Ibombo,Central,MOTHER
female,2022-04-26,4,,,,Mwelebi Keembe Health Post,Ibombo District Office,SINGLE,1.1 kg,PHYSICIAN,,2002-04-26,MARRIED,Bookkeeper,PRIMARY_ISCED_1,West Kaleyberg,Ibombo,Central,,,,,,,,2002-04-26,MARRIED,Bookkeeper,PRIMARY_ISCED_1,West Kaleyberg,Ibombo,Central,MOTHER
female,2022-04-29,4,,,,Malambanyama Rural Health Centre,Ibombo District Office,SINGLE,1.4 kg,PHYSICIAN,,2002-04-29,MARRIED,Bookkeeper,PRIMARY_ISCED_1,Ortizberg,Ibombo,Central,,,,,,,,2002-04-29,MARRIED,Bookkeeper,PRIMARY_ISCED_1,Ortizberg,Ibombo,Central,MOTHER
female,2022-04-21,2,,,,Kayosha Rural Health Centre,Ibombo District Office,SINGLE,2.2 kg,PHYSICIAN,,2002-04-21,MARRIED,Bookkeeper,PRIMARY_ISCED_1,North Little Rock,Ibombo,Central,,,,,,,,2002-04-21,MARRIED,Bookkeeper,PRIMARY_ISCED_1,North Little Rock,Ibombo,Central,MOTHER
male,2022-04-25,2,,,,Mungule Rural Health Centre,Ibombo District Office,SINGLE,3.6 kg,PHYSICIAN,MOTHER,2002-04-25,MARRIED,Farmer,POST_SECONDARY_ISCED_4,Bruenberg,Ibombo,Central,2002-04-25,MARRIED,Bookkeeper,POST_SECONDARY_ISCED_4,West Hayleeport,Ibombo,Central,2002-04-25,MARRIED,Farmer,POST_SECONDARY_ISCED_4,Bruenberg,Ibombo,Central,MOTHER
female,2022-05-08,3,Howehaven,Central,Ibombo,,Ibombo District Office,SINGLE,1.2 kg,PHYSICIAN,,2002-05-08,MARRIED,Bookkeeper,PRIMARY_ISCED_1,Williamsonshire,Ibombo,Central,,,,,,,,2002-05-08,MARRIED,Bookkeeper,PRIMARY_ISCED_1,Williamsonshire,Ibombo,Central,MOTHER
male,2012-05-03,2,,,,Kaparu Rural Health Centre,Ibombo District Office,SINGLE,3.4 kg,PHYSICIAN,MOTHER,1992-05-03,MARRIED,Farmer,POST_SECONDARY_ISCED_4,Gradymouth,Ibombo,Central,1992-05-03,MARRIED,Bookkeeper,POST_SECONDARY_ISCED_4,Christianborough,Ibombo,Central,1992-05-03,MARRIED,Farmer,POST_SECONDARY_ISCED_4,Gradymouth,Ibombo,Central,MOTHER
male,2002-05-29,3,,,,Mwachisompola Demo Zone Rural Health Centre,Ibombo District Office,SINGLE,1.4 kg,PHYSICIAN,,1982-05-29,MARRIED,Bookkeeper,PRIMARY_ISCED_1,Spokane,Ibombo,Central,,,,,,,,1982-05-29,MARRIED,Bookkeeper,PRIMARY_ISCED_1,Spokane,Ibombo,Central,MOTHER
female,2022-03-20,2,,,,Itumbwe Health Post,Ibombo District Office,SINGLE,4.1 kg,PHYSICIAN,MOTHER,2002-03-20,MARRIED,Farmer,POST_SECONDARY_ISCED_4,Vadahaven,Ibombo,Central,2002-03-20,MARRIED,Bookkeeper,POST_SECONDARY_ISCED_4,Kuhnberg,Ibombo,Central,2002-03-20,MARRIED,Farmer,POST_SECONDARY_ISCED_4,Vadahaven,Ibombo,Central,MOTHER
male,2022-05-05,3,,,,Musopelo Health Post,Ibombo District Office,SINGLE,0.5 kg,PHYSICIAN,,2002-05-05,MARRIED,Bookkeeper,PRIMARY_ISCED_1,Gradyfort,Ibombo,Central,,,,,,,,2002-05-05,MARRIED,Bookkeeper,PRIMARY_ISCED_1,Gradyfort,Ibombo,Central,MOTHER
female,2022-04-12,4,,,,Kamaila Health Post,Ibombo District Office,SINGLE,0.4 kg,PHYSICIAN,,2002-04-12,MARRIED,Bookkeeper,PRIMARY_ISCED_1,Hanemouth,Ibombo,Central,,,,,,,,2002-04-12,MARRIED,Bookkeeper,PRIMARY_ISCED_1,Hanemouth,Ibombo,Central,MOTHER
female,2022-04-25,2,,,,Chitanda Rural Health Centre,Ibombo District Office,SINGLE,3.4 kg,PHYSICIAN,MOTHER,2002-04-25,MARRIED,Farmer,POST_SECONDARY_ISCED_4,Labadieland,Ibombo,Central,2002-04-25,MARRIED,Bookkeeper,POST_SECONDARY_ISCED_4,North Isabell,Ibombo,Central,2002-04-25,MARRIED,Farmer,POST_SECONDARY_ISCED_4,Labadieland,Ibombo,Central,MOTHER
female,2021-11-20,2,,,,SR Brian Memorial Rural Health Centre,Ibombo District Office,SINGLE,3.8 kg,PHYSICIAN,MOTHER,2001-11-20,MARRIED,Farmer,POST_SECONDARY_ISCED_4,New Kodychester,Ibombo,Central,2001-11-20,MARRIED,Bookkeeper,POST_SECONDARY_ISCED_4,Mission,Ibombo,Central,2001-11-20,MARRIED,Farmer,POST_SECONDARY_ISCED_4,New Kodychester,Ibombo,Central,MOTHER
female,2022-04-09,2,,,,Shifwankula Health Post,Ibombo District Office,SINGLE,4.3 kg,PHYSICIAN,MOTHER,2002-04-09,MARRIED,Farmer,POST_SECONDARY_ISCED_4,Wesley Chapel,Ibombo,Central,2002-04-09,MARRIED,Bookkeeper,POST_SECONDARY_ISCED_4,Terre Haute,Ibombo,Central,2002-04-09,MARRIED,Farmer,POST_SECONDARY_ISCED_4,Wesley Chapel,Ibombo,Central,MOTHER
male,2022-04-26,2,,,,Muntemba Rural Health Centre,Ibombo District Office,SINGLE,4.2 kg,PHYSICIAN,MOTHER,2002-04-26,MARRIED,Farmer,POST_SECONDARY_ISCED_4,Rippinland,Ibombo,Central,2002-04-26,MARRIED,Bookkeeper,POST_SECONDARY_ISCED_4,Chicopee,Ibombo,Central,2002-04-26,MARRIED,Farmer,POST_SECONDARY_ISCED_4,Rippinland,Ibombo,Central,MOTHER
male,2021-05-11,2,,,,Chikobo Rural Health Centre,Ibombo District Office,SINGLE,3.2 kg,PHYSICIAN,MOTHER,2001-05-11,MARRIED,Farmer,POST_SECONDARY_ISCED_4,Buckridgeland,Ibombo,Central,2001-05-11,MARRIED,Bookkeeper,POST_SECONDARY_ISCED_4,Lake Malcolm,Ibombo,Central,2001-05-11,MARRIED,Farmer,POST_SECONDARY_ISCED_4,Buckridgeland,Ibombo,Central,MOTHER
male,2022-04-16,3,,,,Mwelebi Keembe Health Post,Ibombo District Office,SINGLE,2.2 kg,PHYSICIAN,,2002-04-16,MARRIED,Bookkeeper,PRIMARY_ISCED_1,Watsicashire,Ibombo,Central,,,,,,,,2002-04-16,MARRIED,Bookkeeper,PRIMARY_ISCED_1,Watsicashire,Ibombo,Central,MOTHER
female,2022-04-17,2,,,,Shimukuni Rural Health Centre,Ibombo District Office,SINGLE,3.5 kg,PHYSICIAN,MOTHER,2002-04-17,MARRIED,Farmer,POST_SECONDARY_ISCED_4,Mayertbury,Ibombo,Central,2002-04-17,MARRIED,Bookkeeper,POST_SECONDARY_ISCED_4,Marlonchester,Ibombo,Central,2002-04-17,MARRIED,Farmer,POST_SECONDARY_ISCED_4,Mayertbury,Ibombo,Central,MOTHER
female,2022-04-03,2,,,,Ipongo Rural Health Centre,Ibombo District Office,SINGLE,1.7 kg,PHYSICIAN,,2002-04-03,MARRIED,Bookkeeper,PRIMARY_ISCED_1,Alyciafurt,Ibombo,Central,,,,,,,,2002-04-03,MARRIED,Bookkeeper,PRIMARY_ISCED_1,Alyciafurt,Ibombo,Central,MOTHER
female,2022-04-03,2,,,,Ntapwila Health Post,Ibombo District Office,SINGLE,3.6 kg,PHYSICIAN,MOTHER,2002-04-03,MARRIED,Farmer,POST_SECONDARY_ISCED_4,Johnsburgh,Ibombo,Central,2002-04-03,MARRIED,Bookkeeper,POST_SECONDARY_ISCED_4,Naperville,Ibombo,Central,2002-04-03,MARRIED,Farmer,POST_SECONDARY_ISCED_4,Johnsburgh,Ibombo,Central,MOTHER
male,2022-03-18,2,,,,Chisamba Rural Health Centre,Ibombo District Office,SINGLE,4 kg,PHYSICIAN,MOTHER,2002-03-18,MARRIED,Farmer,POST_SECONDARY_ISCED_4,Raufurt,Ibombo,Central,2002-03-18,MARRIED,Bookkeeper,POST_SECONDARY_ISCED_4,Miguelshire,Ibombo,Central,2002-03-18,MARRIED,Farmer,POST_SECONDARY_ISCED_4,Raufurt,Ibombo,Central,MOTHER
male,2022-04-16,2,,,,Chilochabalenje Health Post,Ibombo District Office,SINGLE,4.1 kg,PHYSICIAN,MOTHER,2002-04-16,MARRIED,Farmer,POST_SECONDARY_ISCED_4,Nellietown,Ibombo,Central,2002-04-16,MARRIED,Bookkeeper,POST_SECONDARY_ISCED_4,South Perryfurt,Ibombo,Central,2002-04-16,MARRIED,Farmer,POST_SECONDARY_ISCED_4,Nellietown,Ibombo,Central,MOTHER
male,2022-04-13,2,,,,Chisamba Rural Health Centre,Ibombo District Office,SINGLE,3.4 kg,PHYSICIAN,MOTHER,2002-04-13,MARRIED,Farmer,POST_SECONDARY_ISCED_4,North Helenburgh,Ibombo,Central,2002-04-13,MARRIED,Bookkeeper,POST_SECONDARY_ISCED_4,West Claude,Ibombo,Central,2002-04-13,MARRIED,Farmer,POST_SECONDARY_ISCED_4,North Helenburgh,Ibombo,Central,MOTHER
male,2022-04-05,2,,,,Shimukuni Rural Health Centre,Ibombo District Office,SINGLE,2.8 kg,PHYSICIAN,MOTHER,2002-04-05,MARRIED,Farmer,POST_SECONDARY_ISCED_4,West Shanna,Ibombo,Central,2002-04-05,MARRIED,Bookkeeper,POST_SECONDARY_ISCED_4,St. Charles,Ibombo,Central,2002-04-05,MARRIED,Farmer,POST_SECONDARY_ISCED_4,West Shanna,Ibombo,Central,MOTHER
male,2022-04-24,3,,,,Chisamba Rural Health Centre,Ibombo District Office,SINGLE,1.4 kg,PHYSICIAN,,2002-04-24,MARRIED,Bookkeeper,PRIMARY_ISCED_1,Halieland,Ibombo,Central,,,,,,,,2002-04-24,MARRIED,Bookkeeper,PRIMARY_ISCED_1,Halieland,Ibombo,Central,MOTHER
female,2022-03-28,2,,,,Malundu Health Post,Ibombo District Office,SINGLE,3.7 kg,PHYSICIAN,MOTHER,2002-03-28,MARRIED,Farmer,POST_SECONDARY_ISCED_4,Galveston,Ibombo,Central,2002-03-28,MARRIED,Bookkeeper,POST_SECONDARY_ISCED_4,Lisandrotown,Ibombo,Central,2002-03-28,MARRIED,Farmer,POST_SECONDARY_ISCED_4,Galveston,Ibombo,Central,MOTHER
female,2022-04-17,1,,,,Golden Valley Rural Health Centre,Ibombo District Office,SINGLE,1.6 kg,PHYSICIAN,,2002-04-17,MARRIED,Bookkeeper,PRIMARY_ISCED_1,Lake Adolfo,Ibombo,Central,,,,,,,,2002-04-17,MARRIED,Bookkeeper,PRIMARY_ISCED_1,Lake Adolfo,Ibombo,Central,MOTHER
female,2022-03-30,2,,,,Kayosha Rural Health Centre,Ibombo District Office,SINGLE,4.3 kg,PHYSICIAN,MOTHER,2002-03-30,MARRIED,Farmer,POST_SECONDARY_ISCED_4,Kraigshire,Ibombo,Central,2002-03-30,MARRIED,Bookkeeper,POST_SECONDARY_ISCED_4,McCulloughborough,Ibombo,Central,2002-03-30,MARRIED,Farmer,POST_SECONDARY_ISCED_4,Kraigshire,Ibombo,Central,MOTHER
female,2021-07-27,3,,,,Naluyanda Rural Health Centre,Ibombo District Office,SINGLE,0.9 kg,PHYSICIAN,,2001-07-27,MARRIED,Bookkeeper,PRIMARY_ISCED_1,Escondido,Ibombo,Central,,,,,,,,2001-07-27,MARRIED,Bookkeeper,PRIMARY_ISCED_1,Escondido,Ibombo,Central,MOTHER
female,2022-03-28,2,,,,Kabangalala Rural Health Centre,Ibombo District Office,SINGLE,3.7 kg,PHYSICIAN,MOTHER,2002-03-28,MARRIED,Farmer,POST_SECONDARY_ISCED_4,West Sierrafurt,Ibombo,Central,2002-03-28,MARRIED,Bookkeeper,POST_SECONDARY_ISCED_4,National City,Ibombo,Central,2002-03-28,MARRIED,Farmer,POST_SECONDARY_ISCED_4,West Sierrafurt,Ibombo,Central,MOTHER
male,2022-03-24,2,,,,Kayosha Rural Health Centre,Ibombo District Office,SINGLE,2.1 kg,PHYSICIAN,,2002-03-24,MARRIED,Bookkeeper,PRIMARY_ISCED_1,New Brennonstad,Ibombo,Central,,,,,,,,2002-03-24,MARRIED,Bookkeeper,PRIMARY_ISCED_1,New Brennonstad,Ibombo,Central,MOTHER
male,2022-04-18,3,,,,Kanwanjiba Health Post,Ibombo District Office,SINGLE,0.8 kg,PHYSICIAN,,2002-04-18,MARRIED,Bookkeeper,PRIMARY_ISCED_1,Port Augusttown,Ibombo,Central,,,,,,,,2002-04-18,MARRIED,Bookkeeper,PRIMARY_ISCED_1,Port Augusttown,Ibombo,Central,MOTHER
male,2022-03-29,4,,,,Chilochabalenje Health Post,Ibombo District Office,SINGLE,0.8 kg,PHYSICIAN,,2002-03-29,MARRIED,Bookkeeper,PRIMARY_ISCED_1,Lauryport,Ibombo,Central,,,,,,,,2002-03-29,MARRIED,Bookkeeper,PRIMARY_ISCED_1,Lauryport,Ibombo,Central,MOTHER
male,2021-11-09,2,,,,Ibombo Rural Health Centre,Ibombo District Office,SINGLE,3.6 kg,PHYSICIAN,MOTHER,2001-11-09,MARRIED,Farmer,POST_SECONDARY_ISCED_4,Lake Ada,Ibombo,Central,2001-11-09,MARRIED,Bookkeeper,POST_SECONDARY_ISCED_4,Lake Edna,Ibombo,Central,2001-11-09,MARRIED,Farmer,POST_SECONDARY_ISCED_4,Lake Ada,Ibombo,Central,MOTHER
male,2022-03-27,2,,,,Mukashichimbwe Health Post,Ibombo District Office,SINGLE,2.6 kg,PHYSICIAN,MOTHER,2002-03-27,MARRIED,Farmer,POST_SECONDARY_ISCED_4,Caldwell,Ibombo,Central,2002-03-27,MARRIED,Bookkeeper,POST_SECONDARY_ISCED_4,Zulaufhaven,Ibombo,Central,2002-03-27,MARRIED,Farmer,POST_SECONDARY_ISCED_4,Caldwell,Ibombo,Central,MOTHER
male,2022-04-03,2,,,,Mwanjuni Health Post,Ibombo District Office,SINGLE,4.3 kg,PHYSICIAN,MOTHER,2002-04-03,MARRIED,Farmer,POST_SECONDARY_ISCED_4,Delphaland,Ibombo,Central,2002-04-03,MARRIED,Bookkeeper,POST_SECONDARY_ISCED_4,North Joanniestad,Ibombo,Central,2002-04-03,MARRIED,Farmer,POST_SECONDARY_ISCED_4,Delphaland,Ibombo,Central,MOTHER
male,2022-03-22,4,,,,Malambanyama Rural Health Centre,Ibombo District Office,SINGLE,1.5 kg,PHYSICIAN,,2002-03-22,MARRIED,Bookkeeper,PRIMARY_ISCED_1,South Enriqueview,Ibombo,Central,,,,,,,,2002-03-22,MARRIED,Bookkeeper,PRIMARY_ISCED_1,South Enriqueview,Ibombo,Central,MOTHER
male,2022-03-12,5,,,,Mwachisompola Demo Zone Rural Health Centre,Ibombo District Office,SINGLE,1.7 kg,PHYSICIAN,,2002-03-12,MARRIED,Bookkeeper,PRIMARY_ISCED_1,Palm Bay,Ibombo,Central,,,,,,,,2002-03-12,MARRIED,Bookkeeper,PRIMARY_ISCED_1,Palm Bay,Ibombo,Central,MOTHER
female,2021-08-18,2,,,,Mwanjuni Health Post,Ibombo District Office,SINGLE,3.2 kg,PHYSICIAN,MOTHER,2001-08-18,MARRIED,Farmer,POST_SECONDARY_ISCED_4,Port Kenyaville,Ibombo,Central,2001-08-18,MARRIED,Bookkeeper,POST_SECONDARY_ISCED_4,Daisychester,Ibombo,Central,2001-08-18,MARRIED,Farmer,POST_SECONDARY_ISCED_4,Port Kenyaville,Ibombo,Central,MOTHER
male,2022-03-31,2,,,,Kabangalala Rural Health Centre,Ibombo District Office,SINGLE,4.1 kg,PHYSICIAN,MOTHER,2002-03-31,MARRIED,Farmer,POST_SECONDARY_ISCED_4,New Maxwellberg,Ibombo,Central,2002-03-31,MARRIED,Bookkeeper,POST_SECONDARY_ISCED_4,Feilville,Ibombo,Central,2002-03-31,MARRIED,Farmer,POST_SECONDARY_ISCED_4,New Maxwellberg,Ibombo,Central,MOTHER
male,2022-04-07,2,,,,Musopelo Health Post,Ibombo District Office,SINGLE,2.2 kg,PHYSICIAN,,2002-04-07,MARRIED,Bookkeeper,PRIMARY_ISCED_1,New Annamarie,Ibombo,Central,,,,,,,,2002-04-07,MARRIED,Bookkeeper,PRIMARY_ISCED_1,New Annamarie,Ibombo,Central,MOTHER
female,2022-03-27,2,,,,Keembe Rural Health Centre,Ibombo District Office,SINGLE,1.1 kg,PHYSICIAN,,2002-03-27,MARRIED,Bookkeeper,PRIMARY_ISCED_1,Trantowstad,Ibombo,Central,,,,,,,,2002-03-27,MARRIED,Bookkeeper,PRIMARY_ISCED_1,Trantowstad,Ibombo,Central,MOTHER
male,2022-03-11,2,,,,Muntemba Rural Health Centre,Ibombo District Office,SINGLE,3.1 kg,PHYSICIAN,MOTHER,2002-03-11,MARRIED,Farmer,POST_SECONDARY_ISCED_4,Clevelandfort,Ibombo,Central,2002-03-11,MARRIED,Bookkeeper,POST_SECONDARY_ISCED_4,Andreshire,Ibombo,Central,2002-03-11,MARRIED,Farmer,POST_SECONDARY_ISCED_4,Clevelandfort,Ibombo,Central,MOTHER
female,2022-03-14,3,Mariabury,Central,Ibombo,,Ibombo District Office,SINGLE,0.3 kg,PHYSICIAN,,2002-03-14,MARRIED,Bookkeeper,PRIMARY_ISCED_1,West Aleenmouth,Ibombo,Central,,,,,,,,2002-03-14,MARRIED,Bookkeeper,PRIMARY_ISCED_1,West Aleenmouth,Ibombo,Central,MOTHER
female,2022-03-17,2,,,,Mukashichimbwe Health Post,Ibombo District Office,SINGLE,3.6 kg,PHYSICIAN,MOTHER,2002-03-17,MARRIED,Farmer,POST_SECONDARY_ISCED_4,South Gaetano,Ibombo,Central,2002-03-17,MARRIED,Bookkeeper,POST_SECONDARY_ISCED_4,Effertzland,Ibombo,Central,2002-03-17,MARRIED,Farmer,POST_SECONDARY_ISCED_4,South Gaetano,Ibombo,Central,MOTHER
male,2022-04-03,2,,,,Golden Valley Rural Health Centre,Ibombo District Office,SINGLE,3.2 kg,PHYSICIAN,MOTHER,2002-04-03,MARRIED,Farmer,POST_SECONDARY_ISCED_4,Lake Letitia,Ibombo,Central,2002-04-03,MARRIED,Bookkeeper,POST_SECONDARY_ISCED_4,Pompano Beach,Ibombo,Central,2002-04-03,MARRIED,Farmer,POST_SECONDARY_ISCED_4,Lake Letitia,Ibombo,Central,MOTHER
male,2022-03-11,5,,,,Keembe Rural Health Centre,Ibombo District Office,SINGLE,1.7 kg,PHYSICIAN,,2002-03-11,MARRIED,Bookkeeper,PRIMARY_ISCED_1,Allenmouth,Ibombo,Central,,,,,,,,2002-03-11,MARRIED,Bookkeeper,PRIMARY_ISCED_1,Allenmouth,Ibombo,Central,MOTHER
male,2021-09-09,2,,,,Ipongo Rural Health Centre,Ibombo District Office,SINGLE,2.9 kg,PHYSICIAN,MOTHER,2001-09-09,MARRIED,Farmer,POST_SECONDARY_ISCED_4,Parkerbury,Ibombo,Central,2001-09-09,MARRIED,Bookkeeper,POST_SECONDARY_ISCED_4,Donnellybury,Ibombo,Central,2001-09-09,MARRIED,Farmer,POST_SECONDARY_ISCED_4,Parkerbury,Ibombo,Central,MOTHER
male,2022-03-25,2,,,,Chitanda Rural Health Centre,Ibombo District Office,SINGLE,4 kg,PHYSICIAN,MOTHER,2002-03-25,MARRIED,Farmer,POST_SECONDARY_ISCED_4,Barrowsstad,Ibombo,Central,2002-03-25,MARRIED,Bookkeeper,POST_SECONDARY_ISCED_4,Cary,Ibombo,Central,2002-03-25,MARRIED,Farmer,POST_SECONDARY_ISCED_4,Barrowsstad,Ibombo,Central,MOTHER
female,2022-03-13,0,Greenbury,Central,Ibombo,,Ibombo District Office,SINGLE,0.3 kg,PHYSICIAN,,2002-03-13,MARRIED,Bookkeeper,PRIMARY_ISCED_1,Brockburgh,Ibombo,Central,,,,,,,,2002-03-13,MARRIED,Bookkeeper,PRIMARY_ISCED_1,Brockburgh,Ibombo,Central,MOTHER
female,2022-03-17,2,,,,Ipongo Rural Health Centre,Ibombo District Office,SINGLE,3.5 kg,PHYSICIAN,MOTHER,2002-03-17,MARRIED,Farmer,POST_SECONDARY_ISCED_4,South Jeraldside,Ibombo,Central,2002-03-17,MARRIED,Bookkeeper,POST_SECONDARY_ISCED_4,Deshawnton,Ibombo,Central,2002-03-17,MARRIED,Farmer,POST_SECONDARY_ISCED_4,South Jeraldside,Ibombo,Central,MOTHER
male,2022-03-05,2,,,,Mukashichimbwe Health Post,Ibombo District Office,SINGLE,3.3 kg,PHYSICIAN,MOTHER,2002-03-05,MARRIED,Farmer,POST_SECONDARY_ISCED_4,Bradyton,Ibombo,Central,2002-03-05,MARRIED,Bookkeeper,POST_SECONDARY_ISCED_4,Lake Jorge,Ibombo,Central,2002-03-05,MARRIED,Farmer,POST_SECONDARY_ISCED_4,Bradyton,Ibombo,Central,MOTHER
male,2021-09-04,2,,,,Malambanyama Rural Health Centre,Ibombo District Office,SINGLE,2.9 kg,PHYSICIAN,MOTHER,2001-09-04,MARRIED,Farmer,POST_SECONDARY_ISCED_4,East Kurt,Ibombo,Central,2001-09-04,MARRIED,Bookkeeper,POST_SECONDARY_ISCED_4,Muellerburgh,Ibombo,Central,2001-09-04,MARRIED,Farmer,POST_SECONDARY_ISCED_4,East Kurt,Ibombo,Central,MOTHER
male,2022-03-02,3,North Bethesda,Central,Ibombo,,Ibombo District Office,SINGLE,1.5 kg,PHYSICIAN,,2002-03-02,MARRIED,Bookkeeper,PRIMARY_ISCED_1,Santa Barbara,Ibombo,Central,,,,,,,,2002-03-02,MARRIED,Bookkeeper,PRIMARY_ISCED_1,Santa Barbara,Ibombo,Central,MOTHER
female,2022-02-21,4,,,,Mwachisompola Demo Zone Rural Health Centre,Ibombo District Office,SINGLE,1.7 kg,PHYSICIAN,,2002-02-21,MARRIED,Bookkeeper,PRIMARY_ISCED_1,Greenholtmouth,Ibombo,Central,,,,,,,,2002-02-21,MARRIED,Bookkeeper,PRIMARY_ISCED_1,Greenholtmouth,Ibombo,Central,MOTHER
male,2022-02-26,3,,,,Ipongo Rural Health Centre,Ibombo District Office,SINGLE,0.4 kg,PHYSICIAN,,2002-02-26,MARRIED,Bookkeeper,PRIMARY_ISCED_1,Port Karelle,Ibombo,Central,,,,,,,,2002-02-26,MARRIED,Bookkeeper,PRIMARY_ISCED_1,Port Karelle,Ibombo,Central,MOTHER
female,2022-02-24,3,Port Damian,Central,Ibombo,,Ibombo District Office,SINGLE,1.1 kg,PHYSICIAN,,2002-02-24,MARRIED,Bookkeeper,PRIMARY_ISCED_1,Beiermouth,Ibombo,Central,,,,,,,,2002-02-24,MARRIED,Bookkeeper,PRIMARY_ISCED_1,Beiermouth,Ibombo,Central,MOTHER
male,2022-02-28,5,,,,Malambanyama Rural Health Centre,Ibombo District Office,SINGLE,1.6 kg,PHYSICIAN,,2002-02-28,MARRIED,Bookkeeper,PRIMARY_ISCED_1,Cristobalport,Ibombo,Central,,,,,,,,2002-02-28,MARRIED,Bookkeeper,PRIMARY_ISCED_1,Cristobalport,Ibombo,Central,MOTHER
male,2022-02-20,3,Arlington Heights,Central,Ibombo,,Ibombo District Office,SINGLE,2 kg,PHYSICIAN,,2002-02-20,MARRIED,Bookkeeper,PRIMARY_ISCED_1,West Marcelino,Ibombo,Central,,,,,,,,2002-02-20,MARRIED,Bookkeeper,PRIMARY_ISCED_1,West Marcelino,Ibombo,Central,MOTHER
male,2022-02-14,2,,,,Keembe Rural Health Centre,Ibombo District Office,SINGLE,3.7 kg,PHYSICIAN,MOTHER,2002-02-14,MARRIED,Farmer,POST_SECONDARY_ISCED_4,Port Mandy,Ibombo,Central,2002-02-14,MARRIED,Bookkeeper,POST_SECONDARY_ISCED_4,Lueilwitzside,Ibombo,Central,2002-02-14,MARRIED,Farmer,POST_SECONDARY_ISCED_4,Port Mandy,Ibombo,Central,MOTHER
male,2022-03-06,2,,,,Chitanda Rural Health Centre,Ibombo District Office,SINGLE,0.6 kg,PHYSICIAN,,2002-03-06,MARRIED,Bookkeeper,PRIMARY_ISCED_1,Whittier,Ibombo,Central,,,,,,,,2002-03-06,MARRIED,Bookkeeper,PRIMARY_ISCED_1,Whittier,Ibombo,Central,MOTHER
male,2022-02-12,0,New Tillman,Central,Ibombo,,Ibombo District Office,SINGLE,1.5 kg,PHYSICIAN,,2002-02-12,MARRIED,Bookkeeper,PRIMARY_ISCED_1,Port Hilariobury,Ibombo,Central,,,,,,,,2002-02-12,MARRIED,Bookkeeper,PRIMARY_ISCED_1,Port Hilariobury,Ibombo,Central,MOTHER
male,2020-12-02,2,,,,Mboshya Rural Health Centre,Ibombo District Office,SINGLE,2.8 kg,PHYSICIAN,MOTHER,2000-12-02,MARRIED,Farmer,POST_SECONDARY_ISCED_4,Medford,Ibombo,Central,2000-12-02,MARRIED,Bookkeeper,POST_SECONDARY_ISCED_4,South Rosanna,Ibombo,Central,2000-12-02,MARRIED,Farmer,POST_SECONDARY_ISCED_4,Medford,Ibombo,Central,MOTHER
male,2022-02-10,2,,,,Kapopo Health Post,Ibombo District Office,SINGLE,3.2 kg,PHYSICIAN,MOTHER,2002-02-10,MARRIED,Farmer,POST_SECONDARY_ISCED_4,Port Caseyfurt,Ibombo,Central,2002-02-10,MARRIED,Bookkeeper,POST_SECONDARY_ISCED_4,Cassandraside,Ibombo,Central,2002-02-10,MARRIED,Farmer,POST_SECONDARY_ISCED_4,Port Caseyfurt,Ibombo,Central,MOTHER
male,2022-02-24,2,,,,Kapila Health Post,Ibombo District Office,SINGLE,2.7 kg,PHYSICIAN,MOTHER,2002-02-24,MARRIED,Farmer,POST_SECONDARY_ISCED_4,Rowechester,Ibombo,Central,2002-02-24,MARRIED,Bookkeeper,POST_SECONDARY_ISCED_4,North Chaddstad,Ibombo,Central,2002-02-24,MARRIED,Farmer,POST_SECONDARY_ISCED_4,Rowechester,Ibombo,Central,MOTHER
male,2022-02-20,4,,,,Naluyanda Rural Health Centre,Ibombo District Office,SINGLE,1.5 kg,PHYSICIAN,,2002-02-20,MARRIED,Bookkeeper,PRIMARY_ISCED_1,Lake Alene,Ibombo,Central,,,,,,,,2002-02-20,MARRIED,Bookkeeper,PRIMARY_ISCED_1,Lake Alene,Ibombo,Central,MOTHER
male,2022-02-16,2,,,,Chipeso Rural Health Centre,Ibombo District Office,SINGLE,3.6 kg,PHYSICIAN,MOTHER,2002-02-16,MARRIED,Farmer,POST_SECONDARY_ISCED_4,Thielborough,Ibombo,Central,2002-02-16,MARRIED,Bookkeeper,POST_SECONDARY_ISCED_4,Patriciashire,Ibombo,Central,2002-02-16,MARRIED,Farmer,POST_SECONDARY_ISCED_4,Thielborough,Ibombo,Central,MOTHER
female,2022-03-05,0,,,,Musopelo Health Post,Ibombo District Office,SINGLE,1.2 kg,PHYSICIAN,,2002-03-05,MARRIED,Bookkeeper,PRIMARY_ISCED_1,Justicefort,Ibombo,Central,,,,,,,,2002-03-05,MARRIED,Bookkeeper,PRIMARY_ISCED_1,Justicefort,Ibombo,Central,MOTHER
male,2022-02-24,2,,,,Mukashichimbwe Health Post,Ibombo District Office,SINGLE,0.9 kg,PHYSICIAN,,2002-02-24,MARRIED,Bookkeeper,PRIMARY_ISCED_1,East Lula,Ibombo,Central,,,,,,,,2002-02-24,MARRIED,Bookkeeper,PRIMARY_ISCED_1,East Lula,Ibombo,Central,MOTHER
male,2022-02-19,2,,,,Mungule Rural Health Centre,Ibombo District Office,SINGLE,3.4 kg,PHYSICIAN,MOTHER,2002-02-19,MARRIED,Farmer,POST_SECONDARY_ISCED_4,Lake Lizeth,Ibombo,Central,2002-02-19,MARRIED,Bookkeeper,POST_SECONDARY_ISCED_4,Salvadorton,Ibombo,Central,2002-02-19,MARRIED,Farmer,POST_SECONDARY_ISCED_4,Lake Lizeth,Ibombo,Central,MOTHER
female,2022-02-27,2,,,,Namayani Health Post,Ibombo District Office,SINGLE,3.3 kg,PHYSICIAN,MOTHER,2002-02-27,MARRIED,Farmer,POST_SECONDARY_ISCED_4,Rennerburgh,Ibombo,Central,2002-02-27,MARRIED,Bookkeeper,POST_SECONDARY_ISCED_4,Abernathymouth,Ibombo,Central,2002-02-27,MARRIED,Farmer,POST_SECONDARY_ISCED_4,Rennerburgh,Ibombo,Central,MOTHER
female,2022-02-17,4,,,,Kapila Health Post,Ibombo District Office,SINGLE,0.7 kg,PHYSICIAN,,2002-02-17,MARRIED,Bookkeeper,PRIMARY_ISCED_1,Lesleyborough,Ibombo,Central,,,,,,,,2002-02-17,MARRIED,Bookkeeper,PRIMARY_ISCED_1,Lesleyborough,Ibombo,Central,MOTHER
male,2022-03-03,2,,,,Kabangalala Rural Health Centre,Ibombo District Office,SINGLE,2.9 kg,PHYSICIAN,MOTHER,2002-03-03,MARRIED,Farmer,POST_SECONDARY_ISCED_4,Bartholomeshire,Ibombo,Central,2002-03-03,MARRIED,Bookkeeper,POST_SECONDARY_ISCED_4,South Milan,Ibombo,Central,2002-03-03,MARRIED,Farmer,POST_SECONDARY_ISCED_4,Bartholomeshire,Ibombo,Central,MOTHER
male,2022-02-07,2,,,,Mwachisompola Demo Zone Rural Health Centre,Ibombo District Office,SINGLE,3.2 kg,PHYSICIAN,MOTHER,2002-02-07,MARRIED,Farmer,POST_SECONDARY_ISCED_4,Bergstromstad,Ibombo,Central,2002-02-07,MARRIED,Bookkeeper,POST_SECONDARY_ISCED_4,Lake Damarisfurt,Ibombo,Central,2002-02-07,MARRIED,Farmer,POST_SECONDARY_ISCED_4,Bergstromstad,Ibombo,Central,MOTHER
male,2022-02-17,2,,,,Kaparu Rural Health Centre,Ibombo District Office,SINGLE,3.9 kg,PHYSICIAN,MOTHER,2002-02-17,MARRIED,Farmer,POST_SECONDARY_ISCED_4,Kuhlmanberg,Ibombo,Central,2002-02-17,MARRIED,Bookkeeper,POST_SECONDARY_ISCED_4,Bridgethaven,Ibombo,Central,2002-02-17,MARRIED,Farmer,POST_SECONDARY_ISCED_4,Kuhlmanberg,Ibombo,Central,MOTHER
male,2022-02-01,2,,,,Chilochabalenje Health Post,Ibombo District Office,SINGLE,3.4 kg,PHYSICIAN,MOTHER,2002-02-01,MARRIED,Farmer,POST_SECONDARY_ISCED_4,Lake Alexandrohaven,Ibombo,Central,2002-02-01,MARRIED,Bookkeeper,POST_SECONDARY_ISCED_4,West Careyfurt,Ibombo,Central,2002-02-01,MARRIED,Farmer,POST_SECONDARY_ISCED_4,Lake Alexandrohaven,Ibombo,Central,MOTHER
male,2022-02-26,0,,,,Malundu Health Post,Ibombo District Office,SINGLE,1.1 kg,PHYSICIAN,,2002-02-26,MARRIED,Bookkeeper,PRIMARY_ISCED_1,Port Oceane,Ibombo,Central,,,,,,,,2002-02-26,MARRIED,Bookkeeper,PRIMARY_ISCED_1,Port Oceane,Ibombo,Central,MOTHER
male,2022-02-28,2,,,,Kapila Health Post,Ibombo District Office,SINGLE,3 kg,PHYSICIAN,MOTHER,2002-02-28,MARRIED,Farmer,POST_SECONDARY_ISCED_4,East Mozell,Ibombo,Central,2002-02-28,MARRIED,Bookkeeper,POST_SECONDARY_ISCED_4,Keeblerburgh,Ibombo,Central,2002-02-28,MARRIED,Farmer,POST_SECONDARY_ISCED_4,East Mozell,Ibombo,Central,MOTHER
male,2021-05-22,2,,,,Musopelo Health Post,Ibombo District Office,SINGLE,1.1 kg,PHYSICIAN,,2001-05-22,MARRIED,Bookkeeper,PRIMARY_ISCED_1,East Leanneport,Ibombo,Central,,,,,,,,2001-05-22,MARRIED,Bookkeeper,PRIMARY_ISCED_1,East Leanneport,Ibombo,Central,MOTHER
female,2022-02-21,2,,,,Mwanjuni Health Post,Ibombo District Office,SINGLE,4.2 kg,PHYSICIAN,MOTHER,2002-02-21,MARRIED,Farmer,POST_SECONDARY_ISCED_4,Euless,Ibombo,Central,2002-02-21,MARRIED,Bookkeeper,POST_SECONDARY_ISCED_4,Pagacberg,Ibombo,Central,2002-02-21,MARRIED,Farmer,POST_SECONDARY_ISCED_4,Euless,Ibombo,Central,MOTHER
female,2022-02-20,1,,,,Chilochabalenje Health Post,Ibombo District Office,SINGLE,2.1 kg,PHYSICIAN,,2002-02-20,MARRIED,Bookkeeper,PRIMARY_ISCED_1,Port Pinkieshire,Ibombo,Central,,,,,,,,2002-02-20,MARRIED,Bookkeeper,PRIMARY_ISCED_1,Port Pinkieshire,Ibombo,Central,MOTHER
male,2022-02-07,2,,,,Namayani Health Post,Ibombo District Office,SINGLE,3.3 kg,PHYSICIAN,MOTHER,2002-02-07,MARRIED,Farmer,POST_SECONDARY_ISCED_4,Port Verlieborough,Ibombo,Central,2002-02-07,MARRIED,Bookkeeper,POST_SECONDARY_ISCED_4,Modesto,Ibombo,Central,2002-02-07,MARRIED,Farmer,POST_SECONDARY_ISCED_4,Port Verlieborough,Ibombo,Central,MOTHER
male,2022-02-13,1,,,,Naluyanda Rural Health Centre,Ibombo District Office,SINGLE,0.3 kg,PHYSICIAN,,2002-02-13,MARRIED,Bookkeeper,PRIMARY_ISCED_1,Bertramhaven,Ibombo,Central,,,,,,,,2002-02-13,MARRIED,Bookkeeper,PRIMARY_ISCED_1,Bertramhaven,Ibombo,Central,MOTHER
male,2022-01-24,3,,,,Mwanjuni Health Post,Ibombo District Office,SINGLE,0.3 kg,PHYSICIAN,,2002-01-24,MARRIED,Bookkeeper,PRIMARY_ISCED_1,New Adolphusfort,Ibombo,Central,,,,,,,,2002-01-24,MARRIED,Bookkeeper,PRIMARY_ISCED_1,New Adolphusfort,Ibombo,Central,MOTHER
male,2021-08-16,2,,,,Mukashichimbwe Health Post,Ibombo District Office,SINGLE,3.2 kg,PHYSICIAN,MOTHER,2001-08-16,MARRIED,Farmer,POST_SECONDARY_ISCED_4,Kingshire,Ibombo,Central,2001-08-16,MARRIED,Bookkeeper,POST_SECONDARY_ISCED_4,San Diego,Ibombo,Central,2001-08-16,MARRIED,Farmer,POST_SECONDARY_ISCED_4,Kingshire,Ibombo,Central,MOTHER
male,2022-02-16,4,,,,Kapopo Health Post,Ibombo District Office,SINGLE,0.9 kg,PHYSICIAN,,2002-02-16,MARRIED,Bookkeeper,PRIMARY_ISCED_1,Monahanfurt,Ibombo,Central,,,,,,,,2002-02-16,MARRIED,Bookkeeper,PRIMARY_ISCED_1,Monahanfurt,Ibombo,Central,MOTHER
male,2022-01-22,2,,,,Malambanyama Rural Health Centre,Ibombo District Office,SINGLE,3.9 kg,PHYSICIAN,MOTHER,2002-01-22,MARRIED,Farmer,POST_SECONDARY_ISCED_4,Schmidtfort,Ibombo,Central,2002-01-22,MARRIED,Bookkeeper,POST_SECONDARY_ISCED_4,Coeur d'Alene,Ibombo,Central,2002-01-22,MARRIED,Farmer,POST_SECONDARY_ISCED_4,Schmidtfort,Ibombo,Central,MOTHER
male,2012-11-27,2,,,,Twalumba Rural Health Centre,Ibombo District Office,SINGLE,3.5 kg,PHYSICIAN,MOTHER,1992-11-27,MARRIED,Farmer,POST_SECONDARY_ISCED_4,Kaseyberg,Ibombo,Central,1992-11-27,MARRIED,Bookkeeper,POST_SECONDARY_ISCED_4,Rathfurt,Ibombo,Central,1992-11-27,MARRIED,Farmer,POST_SECONDARY_ISCED_4,Kaseyberg,Ibombo,Central,MOTHER
female,2022-01-21,2,,,,Muntemba Rural Health Centre,Ibombo District Office,SINGLE,3.4 kg,PHYSICIAN,MOTHER,2002-01-21,MARRIED,Farmer,POST_SECONDARY_ISCED_4,La Habra,Ibombo,Central,2002-01-21,MARRIED,Bookkeeper,POST_SECONDARY_ISCED_4,Palo Alto,Ibombo,Central,2002-01-21,MARRIED,Farmer,POST_SECONDARY_ISCED_4,La Habra,Ibombo,Central,MOTHER
female,2022-02-05,2,,,,Kapila Health Post,Ibombo District Office,SINGLE,4.1 kg,PHYSICIAN,MOTHER,2002-02-05,MARRIED,Farmer,POST_SECONDARY_ISCED_4,Davis,Ibombo,Central,2002-02-05,MARRIED,Bookkeeper,POST_SECONDARY_ISCED_4,Clearwater,Ibombo,Central,2002-02-05,MARRIED,Farmer,POST_SECONDARY_ISCED_4,Davis,Ibombo,Central,MOTHER
male,2022-01-25,2,,,,Twalumba Rural Health Centre,Ibombo District Office,SINGLE,3 kg,PHYSICIAN,MOTHER,2002-01-25,MARRIED,Farmer,POST_SECONDARY_ISCED_4,Boyleberg,Ibombo,Central,2002-01-25,MARRIED,Bookkeeper,POST_SECONDARY_ISCED_4,Lake Florencio,Ibombo,Central,2002-01-25,MARRIED,Farmer,POST_SECONDARY_ISCED_4,Boyleberg,Ibombo,Central,MOTHER
male,2022-01-24,2,,,,Ipongo Rural Health Centre,Ibombo District Office,SINGLE,3.1 kg,PHYSICIAN,MOTHER,2002-01-24,MARRIED,Farmer,POST_SECONDARY_ISCED_4,Edmondshire,Ibombo,Central,2002-01-24,MARRIED,Bookkeeper,POST_SECONDARY_ISCED_4,Jamelfort,Ibombo,Central,2002-01-24,MARRIED,Farmer,POST_SECONDARY_ISCED_4,Edmondshire,Ibombo,Central,MOTHER
female,2022-01-20,3,,,,Namayani Health Post,Ibombo District Office,SINGLE,1.3 kg,PHYSICIAN,,2002-01-20,MARRIED,Bookkeeper,PRIMARY_ISCED_1,New Simoneton,Ibombo,Central,,,,,,,,2002-01-20,MARRIED,Bookkeeper,PRIMARY_ISCED_1,New Simoneton,Ibombo,Central,MOTHER
male,2021-12-12,2,,,,Mulonda Health Post,Ibombo District Office,SINGLE,4.1 kg,PHYSICIAN,MOTHER,2001-12-12,MARRIED,Farmer,POST_SECONDARY_ISCED_4,Michelhaven,Ibombo,Central,2001-12-12,MARRIED,Bookkeeper,POST_SECONDARY_ISCED_4,South Tretown,Ibombo,Central,2001-12-12,MARRIED,Farmer,POST_SECONDARY_ISCED_4,Michelhaven,Ibombo,Central,MOTHER
male,2021-12-15,2,,,,Malundu Health Post,Ibombo District Office,SINGLE,2.7 kg,PHYSICIAN,MOTHER,2001-12-15,MARRIED,Farmer,POST_SECONDARY_ISCED_4,Lake Cleorashire,Ibombo,Central,2001-12-15,MARRIED,Bookkeeper,POST_SECONDARY_ISCED_4,Pharr,Ibombo,Central,2001-12-15,MARRIED,Farmer,POST_SECONDARY_ISCED_4,Lake Cleorashire,Ibombo,Central,MOTHER
female,2022-01-13,0,,,,Malundu Health Post,Ibombo District Office,SINGLE,1.5 kg,PHYSICIAN,,2002-01-13,MARRIED,Bookkeeper,PRIMARY_ISCED_1,Friedabury,Ibombo,Central,,,,,,,,2002-01-13,MARRIED,Bookkeeper,PRIMARY_ISCED_1,Friedabury,Ibombo,Central,MOTHER
female,2021-09-15,0,,,,Chitanda Rural Health Centre,Ibombo District Office,SINGLE,0.3 kg,PHYSICIAN,,2001-09-15,MARRIED,Bookkeeper,PRIMARY_ISCED_1,Lake Cleo,Ibombo,Central,,,,,,,,2001-09-15,MARRIED,Bookkeeper,PRIMARY_ISCED_1,Lake Cleo,Ibombo,Central,MOTHER
female,2022-02-02,5,,,,Ipongo Rural Health Centre,Ibombo District Office,SINGLE,1.5 kg,PHYSICIAN,,2002-02-02,MARRIED,Bookkeeper,PRIMARY_ISCED_1,Lake Clintonmouth,Ibombo,Central,,,,,,,,2002-02-02,MARRIED,Bookkeeper,PRIMARY_ISCED_1,Lake Clintonmouth,Ibombo,Central,MOTHER
male,2022-01-16,2,,,,Makoka Rural Health Centre,Ibombo District Office,SINGLE,3.4 kg,PHYSICIAN,MOTHER,2002-01-16,MARRIED,Farmer,POST_SECONDARY_ISCED_4,West Stacytown,Ibombo,Central,2002-01-16,MARRIED,Bookkeeper,POST_SECONDARY_ISCED_4,South Benedicttown,Ibombo,Central,2002-01-16,MARRIED,Farmer,POST_SECONDARY_ISCED_4,West Stacytown,Ibombo,Central,MOTHER
male,2021-03-10,2,,,,Twalumba Rural Health Centre,Ibombo District Office,SINGLE,2.6 kg,PHYSICIAN,MOTHER,2001-03-10,MARRIED,Farmer,POST_SECONDARY_ISCED_4,Jenkinsfurt,Ibombo,Central,2001-03-10,MARRIED,Bookkeeper,POST_SECONDARY_ISCED_4,Wolfmouth,Ibombo,Central,2001-03-10,MARRIED,Farmer,POST_SECONDARY_ISCED_4,Jenkinsfurt,Ibombo,Central,MOTHER
male,2017-09-18,2,,,,SR Brian Memorial Rural Health Centre,Ibombo District Office,SINGLE,2.7 kg,PHYSICIAN,MOTHER,1997-09-18,MARRIED,Farmer,POST_SECONDARY_ISCED_4,Okunevabury,Ibombo,Central,1997-09-18,MARRIED,Bookkeeper,POST_SECONDARY_ISCED_4,Port Teresaside,Ibombo,Central,1997-09-18,MARRIED,Farmer,POST_SECONDARY_ISCED_4,Okunevabury,Ibombo,Central,MOTHER
male,2022-01-16,2,,,,Namununga Health Post,Ibombo District Office,SINGLE,4.3 kg,PHYSICIAN,MOTHER,2002-01-16,MARRIED,Farmer,POST_SECONDARY_ISCED_4,San Marcos,Ibombo,Central,2002-01-16,MARRIED,Bookkeeper,POST_SECONDARY_ISCED_4,Lake Orenburgh,Ibombo,Central,2002-01-16,MARRIED,Farmer,POST_SECONDARY_ISCED_4,San Marcos,Ibombo,Central,MOTHER
male,2022-01-03,2,,,,Chitanda Rural Health Centre,Ibombo District Office,SINGLE,2.9 kg,PHYSICIAN,MOTHER,2002-01-03,MARRIED,Farmer,POST_SECONDARY_ISCED_4,Springfield,Ibombo,Central,2002-01-03,MARRIED,Bookkeeper,POST_SECONDARY_ISCED_4,Madelineburgh,Ibombo,Central,2002-01-03,MARRIED,Farmer,POST_SECONDARY_ISCED_4,Springfield,Ibombo,Central,MOTHER
female,2022-01-15,1,,,,Shifwankula Health Post,Ibombo District Office,SINGLE,1.8 kg,PHYSICIAN,,2002-01-15,MARRIED,Bookkeeper,PRIMARY_ISCED_1,Glendahaven,Ibombo,Central,,,,,,,,2002-01-15,MARRIED,Bookkeeper,PRIMARY_ISCED_1,Glendahaven,Ibombo,Central,MOTHER
male,2021-05-04,2,,,,Mwanjuni Health Post,Ibombo District Office,SINGLE,3.9 kg,PHYSICIAN,MOTHER,2001-05-04,MARRIED,Farmer,POST_SECONDARY_ISCED_4,Port Abbey,Ibombo,Central,2001-05-04,MARRIED,Bookkeeper,POST_SECONDARY_ISCED_4,South Paul,Ibombo,Central,2001-05-04,MARRIED,Farmer,POST_SECONDARY_ISCED_4,Port Abbey,Ibombo,Central,MOTHER
male,2022-01-12,4,,,,Twalumba Rural Health Centre,Ibombo District Office,SINGLE,1.6 kg,PHYSICIAN,,2002-01-12,MARRIED,Bookkeeper,PRIMARY_ISCED_1,North Maidafort,Ibombo,Central,,,,,,,,2002-01-12,MARRIED,Bookkeeper,PRIMARY_ISCED_1,North Maidafort,Ibombo,Central,MOTHER
male,2015-11-26,2,,,,Chisamba Rural Health Centre,Ibombo District Office,SINGLE,4.4 kg,PHYSICIAN,MOTHER,1995-11-26,MARRIED,Farmer,POST_SECONDARY_ISCED_4,Lake Lisetteview,Ibombo,Central,1995-11-26,MARRIED,Bookkeeper,POST_SECONDARY_ISCED_4,Simonistown,Ibombo,Central,1995-11-26,MARRIED,Farmer,POST_SECONDARY_ISCED_4,Lake Lisetteview,Ibombo,Central,MOTHER
male,2021-05-25,2,,,,Malundu Health Post,Ibombo District Office,SINGLE,3.6 kg,PHYSICIAN,MOTHER,2001-05-25,MARRIED,Farmer,POST_SECONDARY_ISCED_4,Jenkinsview,Ibombo,Central,2001-05-25,MARRIED,Bookkeeper,POST_SECONDARY_ISCED_4,Bednarshire,Ibombo,Central,2001-05-25,MARRIED,Farmer,POST_SECONDARY_ISCED_4,Jenkinsview,Ibombo,Central,MOTHER
male,2021-08-18,2,,,,Chipeso Rural Health Centre,Ibombo District Office,SINGLE,4.5 kg,PHYSICIAN,MOTHER,2001-08-18,MARRIED,Farmer,POST_SECONDARY_ISCED_4,Chicopee,Ibombo,Central,2001-08-18,MARRIED,Bookkeeper,POST_SECONDARY_ISCED_4,Royalmouth,Ibombo,Central,2001-08-18,MARRIED,Farmer,POST_SECONDARY_ISCED_4,Chicopee,Ibombo,Central,MOTHER
female,2021-06-03,2,,,,Namayani Health Post,Ibombo District Office,SINGLE,3.7 kg,PHYSICIAN,MOTHER,2001-06-03,MARRIED,Farmer,POST_SECONDARY_ISCED_4,New Elna,Ibombo,Central,2001-06-03,MARRIED,Bookkeeper,POST_SECONDARY_ISCED_4,West Jaysonshire,Ibombo,Central,2001-06-03,MARRIED,Farmer,POST_SECONDARY_ISCED_4,New Elna,Ibombo,Central,MOTHER
male,2022-01-15,0,,,,Mwelebi Keembe Health Post,Ibombo District Office,SINGLE,0.6 kg,PHYSICIAN,,2002-01-15,MARRIED,Bookkeeper,PRIMARY_ISCED_1,Lake D'angelo,Ibombo,Central,,,,,,,,2002-01-15,MARRIED,Bookkeeper,PRIMARY_ISCED_1,Lake D'angelo,Ibombo,Central,MOTHER
male,2021-12-26,4,Harryshire,Central,Ibombo,,Ibombo District Office,SINGLE,1.5 kg,PHYSICIAN,,2001-12-26,MARRIED,Bookkeeper,PRIMARY_ISCED_1,Santa Rosa,Ibombo,Central,,,,,,,,2001-12-26,MARRIED,Bookkeeper,PRIMARY_ISCED_1,Santa Rosa,Ibombo,Central,MOTHER
male,2022-01-08,2,,,,Namayani Health Post,Ibombo District Office,SINGLE,3.1 kg,PHYSICIAN,MOTHER,2002-01-08,MARRIED,Farmer,POST_SECONDARY_ISCED_4,Loyceton,Ibombo,Central,2002-01-08,MARRIED,Bookkeeper,POST_SECONDARY_ISCED_4,South Kory,Ibombo,Central,2002-01-08,MARRIED,Farmer,POST_SECONDARY_ISCED_4,Loyceton,Ibombo,Central,MOTHER
male,2019-12-22,1,,,,Mwachisompola Demo Zone Rural Health Centre,Ibombo District Office,SINGLE,0.7 kg,PHYSICIAN,,1999-12-22,MARRIED,Bookkeeper,PRIMARY_ISCED_1,North Sydniemouth,Ibombo,Central,,,,,,,,1999-12-22,MARRIED,Bookkeeper,PRIMARY_ISCED_1,North Sydniemouth,Ibombo,Central,MOTHER
male,2021-12-29,2,,,,Mwanjuni Health Post,Ibombo District Office,SINGLE,4.5 kg,PHYSICIAN,MOTHER,2001-12-29,MARRIED,Farmer,POST_SECONDARY_ISCED_4,Schaeferfurt,Ibombo,Central,2001-12-29,MARRIED,Bookkeeper,POST_SECONDARY_ISCED_4,Rancho Santa Margarita,Ibombo,Central,2001-12-29,MARRIED,Farmer,POST_SECONDARY_ISCED_4,Schaeferfurt,Ibombo,Central,MOTHER
male,2022-01-08,4,,,,Mungule Rural Health Centre,Ibombo District Office,SINGLE,1.9 kg,PHYSICIAN,,2002-01-08,MARRIED,Bookkeeper,PRIMARY_ISCED_1,Wheaton,Ibombo,Central,,,,,,,,2002-01-08,MARRIED,Bookkeeper,PRIMARY_ISCED_1,Wheaton,Ibombo,Central,MOTHER
female,2021-12-20,2,,,,Chitanda Rural Health Centre,Ibombo District Office,SINGLE,3 kg,PHYSICIAN,MOTHER,2001-12-20,MARRIED,Farmer,POST_SECONDARY_ISCED_4,Lafayette,Ibombo,Central,2001-12-20,MARRIED,Bookkeeper,POST_SECONDARY_ISCED_4,Corvallis,Ibombo,Central,2001-12-20,MARRIED,Farmer,POST_SECONDARY_ISCED_4,Lafayette,Ibombo,Central,MOTHER
male,2021-12-31,3,,,,Shifwankula Health Post,Ibombo District Office,SINGLE,2.2 kg,PHYSICIAN,,2001-12-31,MARRIED,Bookkeeper,PRIMARY_ISCED_1,Frisco,Ibombo,Central,,,,,,,,2001-12-31,MARRIED,Bookkeeper,PRIMARY_ISCED_1,Frisco,Ibombo,Central,MOTHER
male,2022-01-09,1,,,,Musopelo Health Post,Ibombo District Office,SINGLE,0.6 kg,PHYSICIAN,,2002-01-09,MARRIED,Bookkeeper,PRIMARY_ISCED_1,Port Orange,Ibombo,Central,,,,,,,,2002-01-09,MARRIED,Bookkeeper,PRIMARY_ISCED_1,Port Orange,Ibombo,Central,MOTHER
female,2022-01-02,3,,,,SR Brian Memorial Rural Health Centre,Ibombo District Office,SINGLE,1.5 kg,PHYSICIAN,,2002-01-02,MARRIED,Bookkeeper,PRIMARY_ISCED_1,North Skye,Ibombo,Central,,,,,,,,2002-01-02,MARRIED,Bookkeeper,PRIMARY_ISCED_1,North Skye,Ibombo,Central,MOTHER
female,2021-03-22,5,Adamschester,Central,Ibombo,,Ibombo District Office,SINGLE,1.3 kg,PHYSICIAN,,2001-03-22,MARRIED,Bookkeeper,PRIMARY_ISCED_1,Harlingen,Ibombo,Central,,,,,,,,2001-03-22,MARRIED,Bookkeeper,PRIMARY_ISCED_1,Harlingen,Ibombo,Central,MOTHER
male,2021-12-27,4,,,,Keembe Rural Health Centre,Ibombo District Office,SINGLE,1.8 kg,PHYSICIAN,,2001-12-27,MARRIED,Bookkeeper,PRIMARY_ISCED_1,New Norris,Ibombo,Central,,,,,,,,2001-12-27,MARRIED,Bookkeeper,PRIMARY_ISCED_1,New Norris,Ibombo,Central,MOTHER
male,2021-12-18,2,,,,Mwelebi Keembe Health Post,Ibombo District Office,SINGLE,3.9 kg,PHYSICIAN,MOTHER,2001-12-18,MARRIED,Farmer,POST_SECONDARY_ISCED_4,Manteca,Ibombo,Central,2001-12-18,MARRIED,Bookkeeper,POST_SECONDARY_ISCED_4,Alannahaven,Ibombo,Central,2001-12-18,MARRIED,Farmer,POST_SECONDARY_ISCED_4,Manteca,Ibombo,Central,MOTHER
male,2022-01-10,2,,,,Ipongo Rural Health Centre,Ibombo District Office,SINGLE,3.2 kg,PHYSICIAN,MOTHER,2002-01-10,MARRIED,Farmer,POST_SECONDARY_ISCED_4,San Luis Obispo,Ibombo,Central,2002-01-10,MARRIED,Bookkeeper,POST_SECONDARY_ISCED_4,Port Idellfort,Ibombo,Central,2002-01-10,MARRIED,Farmer,POST_SECONDARY_ISCED_4,San Luis Obispo,Ibombo,Central,MOTHER
male,2022-01-05,4,Port Adela,Central,Ibombo,,Ibombo District Office,SINGLE,0.4 kg,PHYSICIAN,,2002-01-05,MARRIED,Bookkeeper,PRIMARY_ISCED_1,Kunzehaven,Ibombo,Central,,,,,,,,2002-01-05,MARRIED,Bookkeeper,PRIMARY_ISCED_1,Kunzehaven,Ibombo,Central,MOTHER
male,2021-07-13,3,,,,SR Brian Memorial Rural Health Centre,Ibombo District Office,SINGLE,1.5 kg,PHYSICIAN,,2001-07-13,MARRIED,Bookkeeper,PRIMARY_ISCED_1,Stromanside,Ibombo,Central,,,,,,,,2001-07-13,MARRIED,Bookkeeper,PRIMARY_ISCED_1,Stromanside,Ibombo,Central,MOTHER
female,2021-12-22,5,Pontiac,Central,Ibombo,,Ibombo District Office,SINGLE,1.6 kg,PHYSICIAN,,2001-12-22,MARRIED,Bookkeeper,PRIMARY_ISCED_1,San Jose,Ibombo,Central,,,,,,,,2001-12-22,MARRIED,Bookkeeper,PRIMARY_ISCED_1,San Jose,Ibombo,Central,MOTHER
female,2021-12-15,2,Lake Lionelmouth,Central,Ibombo,,Ibombo District Office,SINGLE,1 kg,PHYSICIAN,,2001-12-15,MARRIED,Bookkeeper,PRIMARY_ISCED_1,Framingham,Ibombo,Central,,,,,,,,2001-12-15,MARRIED,Bookkeeper,PRIMARY_ISCED_1,Framingham,Ibombo,Central,MOTHER
male,2021-12-27,2,,,,Chamakubi Health Post,Ibombo District Office,SINGLE,3.9 kg,PHYSICIAN,MOTHER,2001-12-27,MARRIED,Farmer,POST_SECONDARY_ISCED_4,Myaside,Ibombo,Central,2001-12-27,MARRIED,Bookkeeper,POST_SECONDARY_ISCED_4,Calitown,Ibombo,Central,2001-12-27,MARRIED,Farmer,POST_SECONDARY_ISCED_4,Myaside,Ibombo,Central,MOTHER
female,2021-12-18,2,,,,Mungule Rural Health Centre,Ibombo District Office,SINGLE,4.2 kg,PHYSICIAN,MOTHER,2001-12-18,MARRIED,Farmer,POST_SECONDARY_ISCED_4,Elinorestad,Ibombo,Central,2001-12-18,MARRIED,Bookkeeper,POST_SECONDARY_ISCED_4,North Josiahfurt,Ibombo,Central,2001-12-18,MARRIED,Farmer,POST_SECONDARY_ISCED_4,Elinorestad,Ibombo,Central,MOTHER
male,2021-12-05,2,,,,Malambanyama Rural Health Centre,Ibombo District Office,SINGLE,1.8 kg,PHYSICIAN,,2001-12-05,MARRIED,Bookkeeper,PRIMARY_ISCED_1,Amosburgh,Ibombo,Central,,,,,,,,2001-12-05,MARRIED,Bookkeeper,PRIMARY_ISCED_1,Amosburgh,Ibombo,Central,MOTHER
female,2021-09-27,2,,,,Golden Valley Rural Health Centre,Ibombo District Office,SINGLE,3.5 kg,PHYSICIAN,MOTHER,2001-09-27,MARRIED,Farmer,POST_SECONDARY_ISCED_4,Inglewood,Ibombo,Central,2001-09-27,MARRIED,Bookkeeper,POST_SECONDARY_ISCED_4,San Buenaventura (Ventura),Ibombo,Central,2001-09-27,MARRIED,Farmer,POST_SECONDARY_ISCED_4,Inglewood,Ibombo,Central,MOTHER
male,2022-06-11,2,,,,Mwelebi Keembe Health Post,Ibombo District Office,SINGLE,2.6 kg,PHYSICIAN,MOTHER,2002-06-11,MARRIED,Farmer,POST_SECONDARY_ISCED_4,Darionland,Ibombo,Central,2002-06-11,MARRIED,Bookkeeper,POST_SECONDARY_ISCED_4,Grand Forks,Ibombo,Central,2002-06-11,MARRIED,Farmer,POST_SECONDARY_ISCED_4,Darionland,Ibombo,Central,MOTHER
male,2022-02-20,2,South Gail,Central,Ibombo,,Ibombo District Office,SINGLE,0.5 kg,PHYSICIAN,,2002-02-20,MARRIED,Bookkeeper,PRIMARY_ISCED_1,Layneberg,Ibombo,Central,,,,,,,,2002-02-20,MARRIED,Bookkeeper,PRIMARY_ISCED_1,Layneberg,Ibombo,Central,MOTHER
male,2021-12-21,2,,,,Golden Valley Rural Health Centre,Ibombo District Office,SINGLE,4.1 kg,PHYSICIAN,MOTHER,2001-12-21,MARRIED,Farmer,POST_SECONDARY_ISCED_4,Dareland,Ibombo,Central,2001-12-21,MARRIED,Bookkeeper,POST_SECONDARY_ISCED_4,Blickville,Ibombo,Central,2001-12-21,MARRIED,Farmer,POST_SECONDARY_ISCED_4,Dareland,Ibombo,Central,MOTHER
male,2021-09-27,2,,,,Chitanda Rural Health Centre,Ibombo District Office,SINGLE,4.4 kg,PHYSICIAN,MOTHER,2001-09-27,MARRIED,Farmer,POST_SECONDARY_ISCED_4,Lake Dorothy,Ibombo,Central,2001-09-27,MARRIED,Bookkeeper,POST_SECONDARY_ISCED_4,Muellerland,Ibombo,Central,2001-09-27,MARRIED,Farmer,POST_SECONDARY_ISCED_4,Lake Dorothy,Ibombo,Central,MOTHER
male,2022-06-11,2,,,,Kamaila Health Post,Ibombo District Office,SINGLE,3.2 kg,PHYSICIAN,MOTHER,2002-06-11,MARRIED,Farmer,POST_SECONDARY_ISCED_4,Hermannberg,Ibombo,Central,2002-06-11,MARRIED,Bookkeeper,POST_SECONDARY_ISCED_4,Hermistonside,Ibombo,Central,2002-06-11,MARRIED,Farmer,POST_SECONDARY_ISCED_4,Hermannberg,Ibombo,Central,MOTHER
female,2022-02-19,0,,,,Mboshya Rural Health Centre,Ibombo District Office,SINGLE,0.4 kg,PHYSICIAN,,2002-02-19,MARRIED,Bookkeeper,PRIMARY_ISCED_1,Lake Delmerbury,Ibombo,Central,,,,,,,,2002-02-19,MARRIED,Bookkeeper,PRIMARY_ISCED_1,Lake Delmerbury,Ibombo,Central,MOTHER
male,2021-12-21,2,,,,Chisamba Rural Health Centre,Ibombo District Office,SINGLE,3.4 kg,PHYSICIAN,MOTHER,2001-12-21,MARRIED,Farmer,POST_SECONDARY_ISCED_4,Tinley Park,Ibombo,Central,2001-12-21,MARRIED,Bookkeeper,POST_SECONDARY_ISCED_4,New Dorotheafurt,Ibombo,Central,2001-12-21,MARRIED,Farmer,POST_SECONDARY_ISCED_4,Tinley Park,Ibombo,Central,MOTHER
female,2021-12-03,2,,,,Kabangalala Rural Health Centre,Ibombo District Office,SINGLE,3 kg,PHYSICIAN,MOTHER,2001-12-03,MARRIED,Farmer,POST_SECONDARY_ISCED_4,Port Felicia,Ibombo,Central,2001-12-03,MARRIED,Bookkeeper,POST_SECONDARY_ISCED_4,O'Konmouth,Ibombo,Central,2001-12-03,MARRIED,Farmer,POST_SECONDARY_ISCED_4,Port Felicia,Ibombo,Central,MOTHER
male,2021-12-01,2,,,,Musopelo Health Post,Ibombo District Office,SINGLE,4.2 kg,PHYSICIAN,MOTHER,2001-12-01,MARRIED,Farmer,POST_SECONDARY_ISCED_4,Placentia,Ibombo,Central,2001-12-01,MARRIED,Bookkeeper,POST_SECONDARY_ISCED_4,West Catharine,Ibombo,Central,2001-12-01,MARRIED,Farmer,POST_SECONDARY_ISCED_4,Placentia,Ibombo,Central,MOTHER
female,2021-12-12,1,,,,Chisamba Rural Health Centre,Ibombo District Office,SINGLE,1 kg,PHYSICIAN,,2001-12-12,MARRIED,Bookkeeper,PRIMARY_ISCED_1,East Libbiechester,Ibombo,Central,,,,,,,,2001-12-12,MARRIED,Bookkeeper,PRIMARY_ISCED_1,East Libbiechester,Ibombo,Central,MOTHER
male,2021-11-29,5,,,,Makoka Rural Health Centre,Ibombo District Office,SINGLE,1.2 kg,PHYSICIAN,,2001-11-29,MARRIED,Bookkeeper,PRIMARY_ISCED_1,Rodrickborough,Ibombo,Central,,,,,,,,2001-11-29,MARRIED,Bookkeeper,PRIMARY_ISCED_1,Rodrickborough,Ibombo,Central,MOTHER
male,2021-12-06,2,,,,Kapila Health Post,Ibombo District Office,SINGLE,3.1 kg,PHYSICIAN,MOTHER,2001-12-06,MARRIED,Farmer,POST_SECONDARY_ISCED_4,Centreville,Ibombo,Central,2001-12-06,MARRIED,Bookkeeper,POST_SECONDARY_ISCED_4,New Drakeside,Ibombo,Central,2001-12-06,MARRIED,Farmer,POST_SECONDARY_ISCED_4,Centreville,Ibombo,Central,MOTHER
female,2021-12-13,2,,,,Mungule Rural Health Centre,Ibombo District Office,SINGLE,4.1 kg,PHYSICIAN,MOTHER,2001-12-13,MARRIED,Farmer,POST_SECONDARY_ISCED_4,Chandler,Ibombo,Central,2001-12-13,MARRIED,Bookkeeper,POST_SECONDARY_ISCED_4,South Pierreport,Ibombo,Central,2001-12-13,MARRIED,Farmer,POST_SECONDARY_ISCED_4,Chandler,Ibombo,Central,MOTHER
male,2021-12-20,1,,,,SR Brian Memorial Rural Health Centre,Ibombo District Office,SINGLE,1.5 kg,PHYSICIAN,,2001-12-20,MARRIED,Bookkeeper,PRIMARY_ISCED_1,Enid,Ibombo,Central,,,,,,,,2001-12-20,MARRIED,Bookkeeper,PRIMARY_ISCED_1,Enid,Ibombo,Central,MOTHER
male,2021-12-17,5,Walshbury,Central,Ibombo,,Ibombo District Office,SINGLE,0.7 kg,PHYSICIAN,,2001-12-17,MARRIED,Bookkeeper,PRIMARY_ISCED_1,Whitetown,Ibombo,Central,,,,,,,,2001-12-17,MARRIED,Bookkeeper,PRIMARY_ISCED_1,Whitetown,Ibombo,Central,MOTHER
male,2007-07-19,2,,,,Mukashichimbwe Health Post,Ibombo District Office,SINGLE,1 kg,PHYSICIAN,,1987-07-19,MARRIED,Bookkeeper,PRIMARY_ISCED_1,West Mistystad,Ibombo,Central,,,,,,,,1987-07-19,MARRIED,Bookkeeper,PRIMARY_ISCED_1,West Mistystad,Ibombo,Central,MOTHER
male,2021-11-30,0,Redlands,Central,Ibombo,,Ibombo District Office,SINGLE,1.3 kg,PHYSICIAN,,2001-11-30,MARRIED,Bookkeeper,PRIMARY_ISCED_1,Shyannchester,Ibombo,Central,,,,,,,,2001-11-30,MARRIED,Bookkeeper,PRIMARY_ISCED_1,Shyannchester,Ibombo,Central,MOTHER
female,2021-10-21,3,,,,Mwachisompola Demo Zone Rural Health Centre,Ibombo District Office,SINGLE,1.1 kg,PHYSICIAN,,2001-10-21,MARRIED,Bookkeeper,PRIMARY_ISCED_1,Strosinchester,Ibombo,Central,,,,,,,,2001-10-21,MARRIED,Bookkeeper,PRIMARY_ISCED_1,Strosinchester,Ibombo,Central,MOTHER
male,2021-12-15,2,,,,Golden Valley Rural Health Centre,Ibombo District Office,SINGLE,4.1 kg,PHYSICIAN,MOTHER,2001-12-15,MARRIED,Farmer,POST_SECONDARY_ISCED_4,Watersport,Ibombo,Central,2001-12-15,MARRIED,Bookkeeper,POST_SECONDARY_ISCED_4,Lake Demond,Ibombo,Central,2001-12-15,MARRIED,Farmer,POST_SECONDARY_ISCED_4,Watersport,Ibombo,Central,MOTHER
male,2021-11-16,2,,,,Naluyanda Rural Health Centre,Ibombo District Office,SINGLE,3.9 kg,PHYSICIAN,MOTHER,2001-11-16,MARRIED,Farmer,POST_SECONDARY_ISCED_4,Orland Park,Ibombo,Central,2001-11-16,MARRIED,Bookkeeper,POST_SECONDARY_ISCED_4,Harleyfurt,Ibombo,Central,2001-11-16,MARRIED,Farmer,POST_SECONDARY_ISCED_4,Orland Park,Ibombo,Central,MOTHER
male,2021-12-04,2,,,,Itumbwe Health Post,Ibombo District Office,SINGLE,3.7 kg,PHYSICIAN,MOTHER,2001-12-04,MARRIED,Farmer,POST_SECONDARY_ISCED_4,Highlands Ranch,Ibombo,Central,2001-12-04,MARRIED,Bookkeeper,POST_SECONDARY_ISCED_4,South San Francisco,Ibombo,Central,2001-12-04,MARRIED,Farmer,POST_SECONDARY_ISCED_4,Highlands Ranch,Ibombo,Central,MOTHER
male,2021-08-12,2,,,,Shimukuni Rural Health Centre,Ibombo District Office,SINGLE,2.6 kg,PHYSICIAN,MOTHER,2001-08-12,MARRIED,Farmer,POST_SECONDARY_ISCED_4,Magdalenfurt,Ibombo,Central,2001-08-12,MARRIED,Bookkeeper,POST_SECONDARY_ISCED_4,Independence,Ibombo,Central,2001-08-12,MARRIED,Farmer,POST_SECONDARY_ISCED_4,Magdalenfurt,Ibombo,Central,MOTHER
male,2021-05-13,2,,,,Muntemba Rural Health Centre,Ibombo District Office,SINGLE,4.2 kg,PHYSICIAN,MOTHER,2001-05-13,MARRIED,Farmer,POST_SECONDARY_ISCED_4,Koelpinmouth,Ibombo,Central,2001-05-13,MARRIED,Bookkeeper,POST_SECONDARY_ISCED_4,North Christopher,Ibombo,Central,2001-05-13,MARRIED,Farmer,POST_SECONDARY_ISCED_4,Koelpinmouth,Ibombo,Central,MOTHER
male,2021-10-31,2,,,,Golden Valley Rural Health Centre,Ibombo District Office,SINGLE,2 kg,PHYSICIAN,,2001-10-31,MARRIED,Bookkeeper,PRIMARY_ISCED_1,Sallyfort,Ibombo,Central,,,,,,,,2001-10-31,MARRIED,Bookkeeper,PRIMARY_ISCED_1,Sallyfort,Ibombo,Central,MOTHER
male,2021-12-05,5,,,,Mwachisompola Rural Health Centre,Ibombo District Office,SINGLE,1.9 kg,PHYSICIAN,,2001-12-05,MARRIED,Bookkeeper,PRIMARY_ISCED_1,Susannaberg,Ibombo,Central,,,,,,,,2001-12-05,MARRIED,Bookkeeper,PRIMARY_ISCED_1,Susannaberg,Ibombo,Central,MOTHER
male,2021-07-13,4,Jacquesville,Central,Ibombo,,Ibombo District Office,SINGLE,0.6 kg,PHYSICIAN,,2001-07-13,MARRIED,Bookkeeper,PRIMARY_ISCED_1,Mayratown,Ibombo,Central,,,,,,,,2001-07-13,MARRIED,Bookkeeper,PRIMARY_ISCED_1,Mayratown,Ibombo,Central,MOTHER
male,2021-11-08,3,,,,Keembe Rural Health Centre,Ibombo District Office,SINGLE,0.5 kg,PHYSICIAN,,2001-11-08,MARRIED,Bookkeeper,PRIMARY_ISCED_1,New Kareemtown,Ibombo,Central,,,,,,,,2001-11-08,MARRIED,Bookkeeper,PRIMARY_ISCED_1,New Kareemtown,Ibombo,Central,MOTHER
female,2021-11-18,4,,,,Mukashichimbwe Health Post,Ibombo District Office,SINGLE,0.6 kg,PHYSICIAN,,2001-11-18,MARRIED,Bookkeeper,PRIMARY_ISCED_1,Patriciafurt,Ibombo,Central,,,,,,,,2001-11-18,MARRIED,Bookkeeper,PRIMARY_ISCED_1,Patriciafurt,Ibombo,Central,MOTHER
male,2021-11-07,2,,,,Kanwanjiba Health Post,Ibombo District Office,SINGLE,2.8 kg,PHYSICIAN,MOTHER,2001-11-07,MARRIED,Farmer,POST_SECONDARY_ISCED_4,Corystad,Ibombo,Central,2001-11-07,MARRIED,Bookkeeper,POST_SECONDARY_ISCED_4,West Augustaberg,Ibombo,Central,2001-11-07,MARRIED,Farmer,POST_SECONDARY_ISCED_4,Corystad,Ibombo,Central,MOTHER
male,2021-10-30,2,,,,Kayosha Rural Health Centre,Ibombo District Office,SINGLE,3.9 kg,PHYSICIAN,MOTHER,2001-10-30,MARRIED,Farmer,POST_SECONDARY_ISCED_4,West Jasper,Ibombo,Central,2001-10-30,MARRIED,Bookkeeper,POST_SECONDARY_ISCED_4,Pacochaborough,Ibombo,Central,2001-10-30,MARRIED,Farmer,POST_SECONDARY_ISCED_4,West Jasper,Ibombo,Central,MOTHER
male,2021-11-23,2,,,,Mukashichimbwe Health Post,Ibombo District Office,SINGLE,3.6 kg,PHYSICIAN,MOTHER,2001-11-23,MARRIED,Farmer,POST_SECONDARY_ISCED_4,Imogeneville,Ibombo,Central,2001-11-23,MARRIED,Bookkeeper,POST_SECONDARY_ISCED_4,New Era,Ibombo,Central,2001-11-23,MARRIED,Farmer,POST_SECONDARY_ISCED_4,Imogeneville,Ibombo,Central,MOTHER
male,2021-11-17,3,,,,Shifwankula Health Post,Ibombo District Office,SINGLE,2.2 kg,PHYSICIAN,,2001-11-17,MARRIED,Bookkeeper,PRIMARY_ISCED_1,Burbank,Ibombo,Central,,,,,,,,2001-11-17,MARRIED,Bookkeeper,PRIMARY_ISCED_1,Burbank,Ibombo,Central,MOTHER
male,2021-11-27,2,,,,Chilochabalenje Health Post,Ibombo District Office,SINGLE,3.7 kg,PHYSICIAN,MOTHER,2001-11-27,MARRIED,Farmer,POST_SECONDARY_ISCED_4,East Providence,Ibombo,Central,2001-11-27,MARRIED,Bookkeeper,POST_SECONDARY_ISCED_4,Lanceborough,Ibombo,Central,2001-11-27,MARRIED,Farmer,POST_SECONDARY_ISCED_4,East Providence,Ibombo,Central,MOTHER
male,2021-11-10,2,,,,Kaparu Rural Health Centre,Ibombo District Office,SINGLE,3.9 kg,PHYSICIAN,MOTHER,2001-11-10,MARRIED,Farmer,POST_SECONDARY_ISCED_4,Port Akeem,Ibombo,Central,2001-11-10,MARRIED,Bookkeeper,POST_SECONDARY_ISCED_4,Ronaldoville,Ibombo,Central,2001-11-10,MARRIED,Farmer,POST_SECONDARY_ISCED_4,Port Akeem,Ibombo,Central,MOTHER
female,2021-10-31,0,Lueilwitzfurt,Central,Ibombo,,Ibombo District Office,SINGLE,2.1 kg,PHYSICIAN,,2001-10-31,MARRIED,Bookkeeper,PRIMARY_ISCED_1,Port Lillieburgh,Ibombo,Central,,,,,,,,2001-10-31,MARRIED,Bookkeeper,PRIMARY_ISCED_1,Port Lillieburgh,Ibombo,Central,MOTHER
female,2021-11-03,5,,,,Namununga Health Post,Ibombo District Office,SINGLE,1.1 kg,PHYSICIAN,,2001-11-03,MARRIED,Bookkeeper,PRIMARY_ISCED_1,New Oralview,Ibombo,Central,,,,,,,,2001-11-03,MARRIED,Bookkeeper,PRIMARY_ISCED_1,New Oralview,Ibombo,Central,MOTHER
male,2021-11-04,5,,,,Chamakubi Health Post,Ibombo District Office,SINGLE,1.6 kg,PHYSICIAN,,2001-11-04,MARRIED,Bookkeeper,PRIMARY_ISCED_1,New Lily,Ibombo,Central,,,,,,,,2001-11-04,MARRIED,Bookkeeper,PRIMARY_ISCED_1,New Lily,Ibombo,Central,MOTHER
male,2021-10-25,2,,,,Shifwankula Health Post,Ibombo District Office,SINGLE,2.7 kg,PHYSICIAN,MOTHER,2001-10-25,MARRIED,Farmer,POST_SECONDARY_ISCED_4,Port Levi,Ibombo,Central,2001-10-25,MARRIED,Bookkeeper,POST_SECONDARY_ISCED_4,Port Estelle,Ibombo,Central,2001-10-25,MARRIED,Farmer,POST_SECONDARY_ISCED_4,Port Levi,Ibombo,Central,MOTHER
female,2021-10-24,2,,,,Naluyanda Rural Health Centre,Ibombo District Office,SINGLE,4.2 kg,PHYSICIAN,MOTHER,2001-10-24,MARRIED,Farmer,POST_SECONDARY_ISCED_4,Lake Althea,Ibombo,Central,2001-10-24,MARRIED,Bookkeeper,POST_SECONDARY_ISCED_4,Daphneymouth,Ibombo,Central,2001-10-24,MARRIED,Farmer,POST_SECONDARY_ISCED_4,Lake Althea,Ibombo,Central,MOTHER
male,2017-07-25,4,East Lupe,Central,Ibombo,,Ibombo District Office,SINGLE,1.7 kg,PHYSICIAN,,1997-07-25,MARRIED,Bookkeeper,PRIMARY_ISCED_1,Evalynmouth,Ibombo,Central,,,,,,,,1997-07-25,MARRIED,Bookkeeper,PRIMARY_ISCED_1,Evalynmouth,Ibombo,Central,MOTHER
male,2021-09-12,2,,,,Chikobo Rural Health Centre,Ibombo District Office,SINGLE,4.5 kg,PHYSICIAN,MOTHER,2001-09-12,MARRIED,Farmer,POST_SECONDARY_ISCED_4,West Chanelchester,Ibombo,Central,2001-09-12,MARRIED,Bookkeeper,POST_SECONDARY_ISCED_4,Edashire,Ibombo,Central,2001-09-12,MARRIED,Farmer,POST_SECONDARY_ISCED_4,West Chanelchester,Ibombo,Central,MOTHER
female,2021-10-19,3,,,,Mungule Rural Health Centre,Ibombo District Office,SINGLE,1 kg,PHYSICIAN,,2001-10-19,MARRIED,Bookkeeper,PRIMARY_ISCED_1,New Kristofer,Ibombo,Central,,,,,,,,2001-10-19,MARRIED,Bookkeeper,PRIMARY_ISCED_1,New Kristofer,Ibombo,Central,MOTHER
male,2021-10-20,4,Orinland,Central,Ibombo,,Ibombo District Office,SINGLE,1.1 kg,PHYSICIAN,,2001-10-20,MARRIED,Bookkeeper,PRIMARY_ISCED_1,South Delfina,Ibombo,Central,,,,,,,,2001-10-20,MARRIED,Bookkeeper,PRIMARY_ISCED_1,South Delfina,Ibombo,Central,MOTHER
male,2021-07-08,2,,,,Itumbwe Health Post,Ibombo District Office,SINGLE,2.7 kg,PHYSICIAN,MOTHER,2001-07-08,MARRIED,Farmer,POST_SECONDARY_ISCED_4,New Dulce,Ibombo,Central,2001-07-08,MARRIED,Bookkeeper,POST_SECONDARY_ISCED_4,Dachfort,Ibombo,Central,2001-07-08,MARRIED,Farmer,POST_SECONDARY_ISCED_4,New Dulce,Ibombo,Central,MOTHER
male,2021-10-21,2,,,,Ntapwila Health Post,Ibombo District Office,SINGLE,3.8 kg,PHYSICIAN,MOTHER,2001-10-21,MARRIED,Farmer,POST_SECONDARY_ISCED_4,Chazport,Ibombo,Central,2001-10-21,MARRIED,Bookkeeper,POST_SECONDARY_ISCED_4,Fayfort,Ibombo,Central,2001-10-21,MARRIED,Farmer,POST_SECONDARY_ISCED_4,Chazport,Ibombo,Central,MOTHER
male,2021-10-27,1,,,,Kabangalala Rural Health Centre,Ibombo District Office,SINGLE,0.9 kg,PHYSICIAN,,2001-10-27,MARRIED,Bookkeeper,PRIMARY_ISCED_1,Ondrickaberg,Ibombo,Central,,,,,,,,2001-10-27,MARRIED,Bookkeeper,PRIMARY_ISCED_1,Ondrickaberg,Ibombo,Central,MOTHER
male,2021-06-29,4,,,,Mulonda Health Post,Ibombo District Office,SINGLE,0.8 kg,PHYSICIAN,,2001-06-29,MARRIED,Bookkeeper,PRIMARY_ISCED_1,Midwest City,Ibombo,Central,,,,,,,,2001-06-29,MARRIED,Bookkeeper,PRIMARY_ISCED_1,Midwest City,Ibombo,Central,MOTHER
female,2021-10-21,2,,,,Mulonda Health Post,Ibombo District Office,SINGLE,3.7 kg,PHYSICIAN,MOTHER,2001-10-21,MARRIED,Farmer,POST_SECONDARY_ISCED_4,O'Connellstad,Ibombo,Central,2001-10-21,MARRIED,Bookkeeper,POST_SECONDARY_ISCED_4,Candelarioside,Ibombo,Central,2001-10-21,MARRIED,Farmer,POST_SECONDARY_ISCED_4,O'Connellstad,Ibombo,Central,MOTHER
male,2021-10-26,2,,,,Ibombo Rural Health Centre,Ibombo District Office,SINGLE,4.4 kg,PHYSICIAN,MOTHER,2001-10-26,MARRIED,Farmer,POST_SECONDARY_ISCED_4,Maggieborough,Ibombo,Central,2001-10-26,MARRIED,Bookkeeper,POST_SECONDARY_ISCED_4,Schambergermouth,Ibombo,Central,2001-10-26,MARRIED,Farmer,POST_SECONDARY_ISCED_4,Maggieborough,Ibombo,Central,MOTHER
male,2021-05-17,2,,,,Chisamba Rural Health Centre,Ibombo District Office,SINGLE,1.6 kg,PHYSICIAN,,2001-05-17,MARRIED,Bookkeeper,PRIMARY_ISCED_1,Torphymouth,Ibombo,Central,,,,,,,,2001-05-17,MARRIED,Bookkeeper,PRIMARY_ISCED_1,Torphymouth,Ibombo,Central,MOTHER
female,2021-10-23,1,,,,Kapila Health Post,Ibombo District Office,SINGLE,0.8 kg,PHYSICIAN,,2001-10-23,MARRIED,Bookkeeper,PRIMARY_ISCED_1,Palm Beach Gardens,Ibombo,Central,,,,,,,,2001-10-23,MARRIED,Bookkeeper,PRIMARY_ISCED_1,Palm Beach Gardens,Ibombo,Central,MOTHER
female,2021-10-30,4,,,,Chikobo Rural Health Centre,Ibombo District Office,SINGLE,1.5 kg,PHYSICIAN,,2001-10-30,MARRIED,Bookkeeper,PRIMARY_ISCED_1,New Amara,Ibombo,Central,,,,,,,,2001-10-30,MARRIED,Bookkeeper,PRIMARY_ISCED_1,New Amara,Ibombo,Central,MOTHER
male,2021-10-27,2,Montebury,Central,Ibombo,,Ibombo District Office,SINGLE,0.7 kg,PHYSICIAN,,2001-10-27,MARRIED,Bookkeeper,PRIMARY_ISCED_1,Folsom,Ibombo,Central,,,,,,,,2001-10-27,MARRIED,Bookkeeper,PRIMARY_ISCED_1,Folsom,Ibombo,Central,MOTHER
male,2021-10-11,2,,,,Keembe Rural Health Centre,Ibombo District Office,SINGLE,2.6 kg,PHYSICIAN,MOTHER,2001-10-11,MARRIED,Farmer,POST_SECONDARY_ISCED_4,New Albaview,Ibombo,Central,2001-10-11,MARRIED,Bookkeeper,POST_SECONDARY_ISCED_4,Bell Gardens,Ibombo,Central,2001-10-11,MARRIED,Farmer,POST_SECONDARY_ISCED_4,New Albaview,Ibombo,Central,MOTHER
male,2021-10-29,2,,,,Kapila Health Post,Ibombo District Office,SINGLE,3.2 kg,PHYSICIAN,MOTHER,2001-10-29,MARRIED,Farmer,POST_SECONDARY_ISCED_4,Bowie,Ibombo,Central,2001-10-29,MARRIED,Bookkeeper,POST_SECONDARY_ISCED_4,New Wilfred,Ibombo,Central,2001-10-29,MARRIED,Farmer,POST_SECONDARY_ISCED_4,Bowie,Ibombo,Central,MOTHER
female,2021-10-23,2,,,,Mukashichimbwe Health Post,Ibombo District Office,SINGLE,4.1 kg,PHYSICIAN,MOTHER,2001-10-23,MARRIED,Farmer,POST_SECONDARY_ISCED_4,Pourosbury,Ibombo,Central,2001-10-23,MARRIED,Bookkeeper,POST_SECONDARY_ISCED_4,East Eramouth,Ibombo,Central,2001-10-23,MARRIED,Farmer,POST_SECONDARY_ISCED_4,Pourosbury,Ibombo,Central,MOTHER
male,2021-03-06,2,,,,Kamaila Health Post,Ibombo District Office,SINGLE,3.9 kg,PHYSICIAN,MOTHER,2001-03-06,MARRIED,Farmer,POST_SECONDARY_ISCED_4,Jakubowskishire,Ibombo,Central,2001-03-06,MARRIED,Bookkeeper,POST_SECONDARY_ISCED_4,South Imogeneton,Ibombo,Central,2001-03-06,MARRIED,Farmer,POST_SECONDARY_ISCED_4,Jakubowskishire,Ibombo,Central,MOTHER
male,2021-10-15,4,,,,Ipongo Rural Health Centre,Ibombo District Office,SINGLE,0.5 kg,PHYSICIAN,,2001-10-15,MARRIED,Bookkeeper,PRIMARY_ISCED_1,McDermottside,Ibombo,Central,,,,,,,,2001-10-15,MARRIED,Bookkeeper,PRIMARY_ISCED_1,McDermottside,Ibombo,Central,MOTHER
male,2021-10-02,2,,,,Kapopo Health Post,Ibombo District Office,SINGLE,2.9 kg,PHYSICIAN,MOTHER,2001-10-02,MARRIED,Farmer,POST_SECONDARY_ISCED_4,Angelinaview,Ibombo,Central,2001-10-02,MARRIED,Bookkeeper,POST_SECONDARY_ISCED_4,South Yazmin,Ibombo,Central,2001-10-02,MARRIED,Farmer,POST_SECONDARY_ISCED_4,Angelinaview,Ibombo,Central,MOTHER
CHILD GENDER,CHILD DOB,CHILD ORDER,BIRTH CITY,BIRTH STATE,BIRTH DISTRICT,HEALTH CENTER,OFFICE LOCATION,PLURALITY OF PREGNANCY,BODY WEIGHT MEASURED,ATTENDANT TITLE,PRESENT AT REG,MOTHER DOB,MOTHER MARITAL STATUS,MOTHER OCCUPATION,MOTHER EDUCATION,MOTHER CITY,MOTHER DISTRICT,MOTHER STATE,FATHER DOB,FATHER MARITAL STATUS,FATHER OCCUPATION,FATHER EDUCATION,FATHER CITY,FATHER DISTRICT,FATHER STATE,INFORMANT DOB,INFORMANT MARITAL STATUS,INFORMANT OCCUPATION,INFORMANT EDUCATION,INFORMANT CITY,INFORMANT DISTRICT,INFORMANT STATE,INFORMANT RELATIONSHIP
